match_id,season_id,balls_per_over,city,match_date,event_name,match_number,gender,match_type,format,overs,season,team_type,venue,toss_winner,team1,team2,toss_decision,match_winner,win_by_runs,win_by_wickets,result,player_of_match
1136561,2018,6,Mumbai,2018-04-07,Indian Premier League,1.0,male,T20,T20,20,2018,club,Wankhede Stadium,129,3,129,field,129,,1.0,win,1393.0
1136565,2018,6,Chennai,2018-04-10,Indian Premier League,5.0,male,T20,T20,20,2018,club,MA Chidambaram Stadium,129,6,129,field,129,,5.0,win,178.0
1136572,2018,6,Chandigarh,2018-04-15,Indian Premier League,12.0,male,T20,T20,20,2018,club,Punjab Cricket Association IS Bindra Stadium,129,494,129,field,494,4.0,,win,1.0
1136577,2018,6,Pune,2018-04-20,Indian Premier League,17.0,male,T20,T20,20,2018,club,Maharashtra Cricket Association Stadium,134,129,134,field,129,64.0,,win,5.0
1136580,2018,6,Hyderabad,2018-04-22,Indian Premier League,20.0,male,T20,T20,20,2018,club,Rajiv Gandhi International Stadium,2,129,2,field,129,4.0,,win,27.0
1136584,2018,6,Bengaluru,2018-04-25,Indian Premier League,24.0,male,T20,T20,20,2018,club,M.Chinnaswamy Stadium,129,1,129,field,129,,5.0,win,38.0
1136587,2018,6,Pune,2018-04-28,Indian Premier League,27.0,male,T20,T20,20,2018,club,Maharashtra Cricket Association Stadium,3,129,3,field,3,,8.0,win,25.0
1136590,2018,6,Pune,2018-04-30,Indian Premier League,30.0,male,T20,T20,20,2018,club,Maharashtra Cricket Association Stadium,252,129,252,field,129,13.0,,win,5.0
1136593,2018,6,Kolkata,2018-05-03,Indian Premier League,33.0,male,T20,T20,20,2018,club,Eden Gardens,6,129,6,field,6,,6.0,win,65.0
1136595,2018,6,Pune,2018-05-05,Indian Premier League,35.0,male,T20,T20,20,2018,club,Maharashtra Cricket Association Stadium,129,1,129,field,129,,6.0,win,348.0
1136603,2018,6,Jaipur,2018-05-11,Indian Premier League,43.0,male,T20,T20,20,2018,club,Sawai Mansingh Stadium,129,129,134,bat,134,,4.0,win,24.0
1136606,2018,6,Pune,2018-05-13,Indian Premier League,46.0,male,T20,T20,20,2018,club,Maharashtra Cricket Association Stadium,129,2,129,field,129,,8.0,win,27.0
1136612,2018,6,Delhi,2018-05-18,Indian Premier League,52.0,male,T20,T20,20,2018,club,Arun Jaitley Stadium,129,252,129,field,252,34.0,,win,1285.0
1136616,2018,6,Pune,2018-05-20,Indian Premier League,56.0,male,T20,T20,20,2018,club,Maharashtra Cricket Association Stadium,129,494,129,field,129,,5.0,win,2024.0
1136617,2018,6,Mumbai,2018-05-22,Indian Premier League,,male,T20,T20,20,2018,club,Wankhede Stadium,129,2,129,field,129,,2.0,win,267.0
1136620,2018,6,Mumbai,2018-05-27,Indian Premier League,,male,T20,T20,20,2018,club,Wankhede Stadium,129,2,129,field,129,,8.0,win,5.0
1175356,2019,6,Chennai,2019-03-23,Indian Premier League,1.0,male,T20,T20,20,2019,club,MA Chidambaram Stadium,129,1,129,field,129,,7.0,win,228.0
1175360,2019,6,Delhi,2019-03-26,Indian Premier League,5.0,male,T20,T20,20,2019,club,Arun Jaitley Stadium,252,252,129,bat,129,,6.0,win,5.0
1175367,2019,6,Chennai,2019-03-31,Indian Premier League,12.0,male,T20,T20,20,2019,club,MA Chidambaram Stadium,134,129,134,field,129,8.0,,win,38.0
1175370,2019,6,Mumbai,2019-04-03,Indian Premier League,15.0,male,T20,T20,20,2019,club,Wankhede Stadium,129,3,129,field,3,37.0,,win,30.0
1178393,2019,6,Chennai,2019-04-06,Indian Premier League,18.0,male,T20,T20,20,2019,club,MA Chidambaram Stadium,129,129,494,bat,129,22.0,,win,228.0
1178398,2019,6,Chennai,2019-04-09,Indian Premier League,23.0,male,T20,T20,20,2019,club,MA Chidambaram Stadium,129,6,129,field,129,,7.0,win,41.0
1178400,2019,6,Jaipur,2019-04-11,Indian Premier League,25.0,male,T20,T20,20,2019,club,Sawai Mansingh Stadium,129,134,129,field,129,,4.0,win,38.0
1178404,2019,6,Kolkata,2019-04-14,Indian Premier League,29.0,male,T20,T20,20,2019,club,Eden Gardens,129,6,129,field,129,,5.0,win,44.0
1178408,2019,6,Hyderabad,2019-04-17,Indian Premier League,33.0,male,T20,T20,20,2019,club,Rajiv Gandhi International Stadium,129,129,2,bat,2,,6.0,win,12.0
1178414,2019,6,Bengaluru,2019-04-21,Indian Premier League,39.0,male,T20,T20,20,2019,club,M.Chinnaswamy Stadium,129,1,129,field,1,1.0,,win,23.0
1178416,2019,6,Chennai,2019-04-23,Indian Premier League,41.0,male,T20,T20,20,2019,club,MA Chidambaram Stadium,129,2,129,field,129,,6.0,win,5.0
1178419,2019,6,Chennai,2019-04-26,Indian Premier League,44.0,male,T20,T20,20,2019,club,MA Chidambaram Stadium,129,3,129,field,3,46.0,,win,25.0
1178425,2019,6,Chennai,2019-05-01,Indian Premier League,50.0,male,T20,T20,20,2019,club,MA Chidambaram Stadium,252,129,252,field,129,80.0,,win,38.0
1178430,2019,6,Chandigarh,2019-05-05,Indian Premier League,55.0,male,T20,T20,20,2019,club,Punjab Cricket Association IS Bindra Stadium,494,129,494,field,494,,6.0,win,1409.0
1181764,2019,6,Chennai,2019-05-07,Indian Premier League,,male,T20,T20,20,2019,club,MA Chidambaram Stadium,129,129,3,bat,3,,6.0,win,61.0
1181767,2019,6,Visakhapatnam,2019-05-10,Indian Premier League,,male,T20,T20,20,2019,club,Dr. Y.S. Rajasekhara Reddy ACA-VDCA Cricket Stadium,129,252,129,field,129,,6.0,win,267.0
1181768,2019,6,Hyderabad,2019-05-12,Indian Premier League,,male,T20,T20,20,2019,club,Rajiv Gandhi International Stadium,3,3,129,bat,3,1.0,,win,33.0
1216492,2020,6,Abu Dhabi,2020-09-19,Indian Premier League,1.0,male,T20,T20,20,2020/21,club,Sheikh Zayed Stadium,129,3,129,field,129,,5.0,win,27.0
1216496,2020,6,,2020-09-22,Indian Premier League,4.0,male,T20,T20,20,2020/21,club,Sharjah Cricket Stadium,129,134,129,field,134,16.0,,win,180.0
1216501,2020,6,Abu Dhabi,2020-10-07,Indian Premier League,21.0,male,T20,T20,20,2020/21,club,Sheikh Zayed Stadium,6,6,129,bat,6,10.0,,win,268.0
1216506,2020,6,Abu Dhabi,2020-11-01,Indian Premier League,53.0,male,T20,T20,20,2020/21,club,Sheikh Zayed Stadium,129,494,129,field,129,,9.0,win,4119.0
1216509,2020,6,,2020-10-17,Indian Premier League,34.0,male,T20,T20,20,2020/21,club,Sharjah Cricket Stadium,129,129,252,bat,252,,5.0,win,13.0
1216513,2020,6,,2020-10-04,Indian Premier League,18.0,male,T20,T20,20,2020/21,club,Dubai International Cricket Stadium,494,494,129,bat,129,,10.0,win,5.0
1216516,2020,6,,2020-10-02,Indian Premier League,14.0,male,T20,T20,20,2020/21,club,Dubai International Cricket Stadium,2,2,129,bat,2,7.0,,win,4097.0
1216521,2020,6,,2020-10-23,Indian Premier League,41.0,male,T20,T20,20,2020/21,club,Sharjah Cricket Stadium,3,129,3,field,3,,10.0,win,66.0
1216525,2020,6,,2020-10-10,Indian Premier League,25.0,male,T20,T20,20,2020/21,club,Dubai International Cricket Stadium,1,1,129,bat,1,37.0,,win,332.0
1216528,2020,6,,2020-10-13,Indian Premier League,29.0,male,T20,T20,20,2020/21,club,Dubai International Cricket Stadium,129,129,2,bat,129,20.0,,win,348.0
1216533,2020,6,Abu Dhabi,2020-10-19,Indian Premier League,37.0,male,T20,T20,20,2020/21,club,Sheikh Zayed Stadium,129,129,134,bat,134,,7.0,win,24.0
1216536,2020,6,,2020-10-29,Indian Premier League,49.0,male,T20,T20,20,2020/21,club,Dubai International Cricket Stadium,129,6,129,field,129,,6.0,win,4119.0
1216539,2020,6,,2020-09-25,Indian Premier League,7.0,male,T20,T20,20,2020/21,club,Dubai International Cricket Stadium,129,252,129,field,252,44.0,,win,1849.0
1216544,2020,6,,2020-10-25,Indian Premier League,44.0,male,T20,T20,20,2020/21,club,Dubai International Cricket Stadium,1,1,129,bat,129,,8.0,win,4119.0
1254059,2021,6,Mumbai,2021-04-10,Indian Premier League,2.0,male,T20,T20,20,2021,club,"Wankhede Stadium, Mumbai",252,129,252,field,252,,7.0,win,13.0
1254065,2021,6,Mumbai,2021-04-16,Indian Premier League,8.0,male,T20,T20,20,2021,club,"Wankhede Stadium, Mumbai",129,494,129,field,129,,6.0,win,41.0
1254069,2021,6,Mumbai,2021-04-19,Indian Premier League,12.0,male,T20,T20,20,2021,club,"Wankhede Stadium, Mumbai",134,129,134,field,129,45.0,,win,2227.0
1254072,2021,6,Mumbai,2021-04-21,Indian Premier League,15.0,male,T20,T20,20,2021,club,"Wankhede Stadium, Mumbai",6,129,6,field,129,18.0,,win,267.0
1254076,2021,6,Mumbai,2021-04-25,Indian Premier League,19.0,male,T20,T20,20,2021,club,"Wankhede Stadium, Mumbai",129,129,1,bat,129,69.0,,win,348.0
1254080,2021,6,Delhi,2021-04-28,Indian Premier League,23.0,male,T20,T20,20,2021,club,"Arun Jaitley Stadium, Delhi",2,2,129,bat,129,,7.0,win,4119.0
1254084,2021,6,Delhi,2021-05-01,Indian Premier League,27.0,male,T20,T20,20,2021,club,"Arun Jaitley Stadium, Delhi",3,129,3,field,3,,4.0,win,29.0
1254089,2021,6,Abu Dhabi,2021-10-02,Indian Premier League,47.0,male,T20,T20,20,2021,club,"Zayed Cricket Stadium, Abu Dhabi",134,129,134,field,134,,7.0,win,4119.0
1254091,2021,6,Sharjah,2021-09-30,Indian Premier League,44.0,male,T20,T20,20,2021,club,Sharjah Cricket Stadium,129,2,129,field,129,,6.0,win,4664.0
1254094,2021,6,Dubai,2021-10-07,Indian Premier League,53.0,male,T20,T20,20,2021,club,Dubai International Cricket Stadium,494,129,494,field,494,,6.0,win,1409.0
1254098,2021,6,Abu Dhabi,2021-09-26,Indian Premier League,38.0,male,T20,T20,20,2021,club,"Zayed Cricket Stadium, Abu Dhabi",6,6,129,bat,129,,2.0,win,348.0
1254104,2021,6,Dubai,2021-09-19,Indian Premier League,30.0,male,T20,T20,20,2021,club,Dubai International Cricket Stadium,129,129,3,bat,129,20.0,,win,4119.0
1254110,2021,6,Dubai,2021-10-04,Indian Premier League,50.0,male,T20,T20,20,2021,club,Dubai International Cricket Stadium,252,129,252,field,252,,3.0,win,70.0
1254113,2021,6,Sharjah,2021-09-24,Indian Premier League,35.0,male,T20,T20,20,2021,club,Sharjah Cricket Stadium,129,1,129,field,129,,6.0,win,1393.0
1254114,2021,6,Dubai,2021-10-10,Indian Premier League,,male,T20,T20,20,2021,club,Dubai International Cricket Stadium,129,252,129,field,129,,4.0,win,4119.0
1254117,2021,6,Dubai,2021-10-15,Indian Premier League,,male,T20,T20,20,2021,club,Dubai International Cricket Stadium,6,129,6,field,129,27.0,,win,267.0
1304047,2022,6,Mumbai,2022-03-26,Indian Premier League,1.0,male,T20,T20,20,2022,club,"Wankhede Stadium, Mumbai",6,129,6,field,6,,6.0,win,318.0
1304053,2022,6,Mumbai,2022-03-31,Indian Premier League,7.0,male,T20,T20,20,2022,club,"Brabourne Stadium, Mumbai",614,129,614,field,614,,6.0,win,1377.0
1304057,2022,6,Mumbai,2022-04-03,Indian Premier League,11.0,male,T20,T20,20,2022,club,"Brabourne Stadium, Mumbai",129,494,129,field,494,54.0,,win,3284.0
1304063,2022,6,Mumbai,2022-04-09,Indian Premier League,17.0,male,T20,T20,20,2022,club,"Dr DY Patil Sports Academy, Mumbai",2,129,2,field,2,,8.0,win,2349.0
1304068,2022,6,Mumbai,2022-04-12,Indian Premier League,22.0,male,T20,T20,20,2022,club,"Dr DY Patil Sports Academy, Mumbai",1,129,1,field,129,23.0,,win,2701.0
1304075,2022,6,Pune,2022-04-17,Indian Premier League,29.0,male,T20,T20,20,2022,club,"Maharashtra Cricket Association Stadium, Pune",615,129,615,field,615,,3.0,win,72.0
1304079,2022,6,Navi Mumbai,2022-04-21,Indian Premier League,33.0,male,T20,T20,20,2022,club,"Dr DY Patil Sports Academy, Mumbai",129,3,129,field,129,,3.0,win,6798.0
1304084,2022,6,Mumbai,2022-04-25,Indian Premier League,38.0,male,T20,T20,20,2022,club,"Wankhede Stadium, Mumbai",129,494,129,field,494,11.0,,win,13.0
1304092,2022,6,Pune,2022-05-01,Indian Premier League,46.0,male,T20,T20,20,2022,club,"Maharashtra Cricket Association Stadium, Pune",2,129,2,field,129,13.0,,win,4119.0
1304095,2022,6,Pune,2022-05-04,Indian Premier League,49.0,male,T20,T20,20,2022,club,"Maharashtra Cricket Association Stadium, Pune",129,1,129,field,1,13.0,,win,1285.0
1304101,2022,6,Navi Mumbai,2022-05-08,Indian Premier League,55.0,male,T20,T20,20,2022,club,"Dr DY Patil Sports Academy, Mumbai",252,129,252,field,129,91.0,,win,6657.0
1304105,2022,6,Mumbai,2022-05-12,Indian Premier League,59.0,male,T20,T20,20,2022,club,"Wankhede Stadium, Mumbai",3,129,3,field,3,,5.0,win,4320.0
1304108,2022,6,Mumbai,2022-05-15,Indian Premier League,62.0,male,T20,T20,20,2022,club,"Wankhede Stadium, Mumbai",129,129,615,bat,615,,7.0,win,69.0
1304114,2022,6,Mumbai,2022-05-20,Indian Premier League,68.0,male,T20,T20,20,2022,club,"Brabourne Stadium, Mumbai",129,129,134,bat,134,,5.0,win,1416.0
1359475,2023,6,Ahmedabad,2023-03-31,Indian Premier League,1.0,male,T20,T20,20,2023,club,"Narendra Modi Stadium, Ahmedabad",615,129,615,field,615,,5.0,win,22.0
1359480,2023,6,Chennai,2023-04-03,Indian Premier League,6.0,male,T20,T20,20,2023,club,"MA Chidambaram Stadium, Chepauk, Chennai",614,129,614,field,129,12.0,,win,2227.0
1359486,2023,6,Mumbai,2023-04-08,Indian Premier League,12.0,male,T20,T20,20,2023,club,"Wankhede Stadium, Mumbai",129,3,129,field,129,,7.0,win,348.0
1359491,2023,6,Chennai,2023-04-12,Indian Premier League,17.0,male,T20,T20,20,2023,club,"MA Chidambaram Stadium, Chepauk, Chennai",129,134,129,field,134,3.0,,win,1416.0
1359498,2023,6,Bengaluru,2023-04-17,Indian Premier League,24.0,male,T20,T20,20,2023,club,"M Chinnaswamy Stadium, Bengaluru",1,129,1,field,129,8.0,,win,6657.0
1359503,2023,6,Chennai,2023-04-21,Indian Premier League,29.0,male,T20,T20,20,2023,club,"MA Chidambaram Stadium, Chepauk, Chennai",129,2,129,field,129,,7.0,win,348.0
1359507,2023,6,Kolkata,2023-04-23,Indian Premier League,33.0,male,T20,T20,20,2023,club,"Eden Gardens, Kolkata",6,129,6,field,129,49.0,,win,34.0
1359511,2023,6,Jaipur,2023-04-27,Indian Premier League,37.0,male,T20,T20,20,2023,club,"Sawai Mansingh Stadium, Jaipur",134,134,129,bat,134,32.0,,win,4104.0
1359515,2023,6,Chennai,2023-04-30,Indian Premier League,41.0,male,T20,T20,20,2023,club,"MA Chidambaram Stadium, Chepauk, Chennai",129,129,494,bat,494,,4.0,win,6657.0
1359519,2023,6,Lucknow,2023-05-03,Indian Premier League,45.0,male,T20,T20,20,2023,club,"Bharat Ratna Shri Atal Bihari Vajpayee Ekana Cricket Stadium, Lucknow",129,614,129,field,129,,,no result,
1359523,2023,6,Chennai,2023-05-06,Indian Premier League,49.0,male,T20,T20,20,2023,club,"MA Chidambaram Stadium, Chepauk, Chennai",129,3,129,field,129,,6.0,win,8007.0
1359529,2023,6,Chennai,2023-05-10,Indian Premier League,55.0,male,T20,T20,20,2023,club,"MA Chidambaram Stadium, Chepauk, Chennai",129,129,252,bat,129,27.0,,win,348.0
1359535,2023,6,Chennai,2023-05-14,Indian Premier League,61.0,male,T20,T20,20,2023,club,"MA Chidambaram Stadium, Chepauk, Chennai",129,129,6,bat,6,,6.0,win,1436.0
1359541,2023,6,Delhi,2023-05-20,Indian Premier League,67.0,male,T20,T20,20,2023,club,"Arun Jaitley Stadium, Delhi",129,129,252,bat,129,77.0,,win,4119.0
1370350,2023,6,Chennai,2023-05-23,Indian Premier League,,male,T20,T20,20,2023,club,"MA Chidambaram Stadium, Chepauk, Chennai",615,129,615,field,129,15.0,,win,4119.0
1370353,2023,6,Ahmedabad,2023-05-29,Indian Premier League,,male,T20,T20,20,2023,club,"Narendra Modi Stadium, Ahmedabad",129,615,129,field,129,,5.0,win,6657.0
1422119,2024,6,Chennai,2024-03-22,Indian Premier League,1.0,male,T20,T20,20,2024,club,"MA Chidambaram Stadium, Chepauk, Chennai",1,1,129,bat,129,,6.0,win,297.0
1422125,2024,6,Chennai,2024-03-26,Indian Premier League,7.0,male,T20,T20,20,2024,club,"MA Chidambaram Stadium, Chepauk, Chennai",615,129,615,field,129,63.0,,win,2701.0
1422131,2024,6,Visakhapatnam,2024-03-31,Indian Premier League,13.0,male,T20,T20,20,2024,club,"Dr. Y.S. Rajasekhara Reddy ACA-VDCA Cricket Stadium, Visakhapatnam",252,252,129,bat,252,20.0,,win,2662.0
1422136,2024,6,Hyderabad,2024-04-05,Indian Premier League,18.0,male,T20,T20,20,2024,club,"Rajiv Gandhi International Stadium, Uppal, Hyderabad",2,129,2,field,2,,6.0,win,2349.0
1426260,2024,6,Chennai,2024-04-08,Indian Premier League,22.0,male,T20,T20,20,2024,club,"MA Chidambaram Stadium, Chepauk, Chennai",129,6,129,field,129,,7.0,win,348.0
1426267,2024,6,Mumbai,2024-04-14,Indian Premier League,29.0,male,T20,T20,20,2024,club,"Wankhede Stadium, Mumbai",3,129,3,field,129,20.0,,win,8007.0
1426272,2024,6,Lucknow,2024-04-19,Indian Premier League,34.0,male,T20,T20,20,2024,club,"Bharat Ratna Shri Atal Bihari Vajpayee Ekana Cricket Stadium, Lucknow",614,129,614,field,614,,8.0,win,1409.0
1426277,2024,6,Chennai,2024-04-23,Indian Premier League,39.0,male,T20,T20,20,2024,club,"MA Chidambaram Stadium, Chepauk, Chennai",614,129,614,field,614,,6.0,win,73.0
1426284,2024,6,Chennai,2024-04-28,Indian Premier League,46.0,male,T20,T20,20,2024,club,"MA Chidambaram Stadium, Chepauk, Chennai",2,129,2,field,129,78.0,,win,4119.0
1426287,2024,6,Chennai,2024-05-01,Indian Premier League,49.0,male,T20,T20,20,2024,club,"MA Chidambaram Stadium, Chepauk, Chennai",494,129,494,field,494,,7.0,win,3495.0
1426291,2024,6,Dharamsala,2024-05-05,Indian Premier League,53.0,male,T20,T20,20,2024,club,"Himachal Pradesh Cricket Association Stadium, Dharamsala",494,129,494,field,129,28.0,,win,348.0
1426297,2024,6,Ahmedabad,2024-05-10,Indian Premier League,59.0,male,T20,T20,20,2024,club,"Narendra Modi Stadium, Ahmedabad",129,615,129,field,615,35.0,,win,1580.0
1426299,2024,6,Chennai,2024-05-12,Indian Premier League,61.0,male,T20,T20,20,2024,club,"MA Chidambaram Stadium, Chepauk, Chennai",134,134,129,bat,129,,5.0,win,7652.0
1426306,2024,6,Bengaluru,2024-05-18,Indian Premier League,68.0,male,T20,T20,20,2024,club,"M Chinnaswamy Stadium, Bengaluru",129,1,129,field,1,27.0,,win,267.0
1473440,2025,6,Chennai,2025-03-23,Indian Premier League,3.0,male,T20,T20,20,2025,club,"MA Chidambaram Stadium, Chepauk, Chennai",129,3,129,field,129,,4.0,win,8809.0
1473445,2025,6,Chennai,2025-03-28,Indian Premier League,8.0,male,T20,T20,20,2025,club,"MA Chidambaram Stadium, Chepauk, Chennai",129,1,129,field,1,50.0,,win,5349.0
335983,2008,6,Chandigarh,2008-04-19,Indian Premier League,2.0,male,T20,T20,20,2008,club,"Punjab Cricket Association Stadium, Mohali",129,494,129,bat,129,33.0,,win,11943.0
335989,2008,6,Chennai,2008-04-23,Indian Premier League,8.0,male,T20,T20,20,2008,club,"MA Chidambaram Stadium, Chepauk",3,129,3,field,129,6.0,,win,11942.0
335993,2008,6,Chennai,2008-04-26,Indian Premier League,11.0,male,T20,T20,20,2008,club,"MA Chidambaram Stadium, Chepauk",6,129,6,bat,129,,9.0,win,11946.0
335996,2008,6,Bangalore,2008-04-28,Indian Premier League,15.0,male,T20,T20,20,2008,club,M Chinnaswamy Stadium,129,1,129,bat,129,13.0,,win,38.0
336001,2008,6,Chennai,2008-05-02,Indian Premier League,20.0,male,T20,T20,20,2008,club,"MA Chidambaram Stadium, Chepauk",129,129,252,bat,252,,8.0,win,11975.0
336005,2008,6,Jaipur,2008-05-04,Indian Premier League,24.0,male,T20,T20,20,2008,club,Sawai Mansingh Stadium,129,134,129,bat,134,,8.0,win,12147.0
336007,2008,6,Chennai,2008-05-06,Indian Premier League,26.0,male,T20,T20,20,2008,club,"MA Chidambaram Stadium, Chepauk",2,129,2,field,2,,7.0,win,12007.0
336009,2008,6,Delhi,2008-05-08,Indian Premier League,28.0,male,T20,T20,20,2008,club,Feroz Shah Kotla,129,252,129,field,129,,4.0,win,38.0
336013,2008,6,Chennai,2008-05-10,Indian Premier League,31.0,male,T20,T20,20,2008,club,"MA Chidambaram Stadium, Chepauk",494,129,494,field,129,18.0,,win,12523.0
336018,2008,6,Mumbai,2008-05-14,Indian Premier League,36.0,male,T20,T20,20,2008,club,Wankhede Stadium,3,3,129,field,3,,9.0,win,11986.0
336025,2008,6,Kolkata,2008-05-18,Indian Premier League,41.0,male,T20,T20,20,2008,club,Eden Gardens,6,6,129,bat,129,3.0,,win,12345.0
336029,2008,6,Chennai,2008-05-21,Indian Premier League,46.0,male,T20,T20,20,2008,club,"MA Chidambaram Stadium, Chepauk",1,129,1,bat,1,14.0,,win,12160.0
336033,2008,6,Chennai,2008-05-24,Indian Premier League,49.0,male,T20,T20,20,2008,club,"MA Chidambaram Stadium, Chepauk",134,129,134,bat,134,10.0,,win,12234.0
336037,2008,6,Hyderabad,2008-05-27,Indian Premier League,54.0,male,T20,T20,20,2008,club,"Rajiv Gandhi International Stadium, Uppal",2,2,129,bat,129,,7.0,win,47.0
336039,2008,6,Mumbai,2008-05-31,Indian Premier League,,male,T20,T20,20,2008,club,Wankhede Stadium,494,129,494,bat,129,,9.0,win,12345.0
336040,2008,6,Mumbai,2008-06-01,Indian Premier League,,male,T20,T20,20,2008,club,Dr DY Patil Sports Academy,134,129,134,field,134,,3.0,win,60.0
392181,2009,6,Cape Town,2009-04-18,Indian Premier League,1.0,male,T20,T20,20,2009,club,Newlands,129,129,3,field,3,19.0,,win,12580.0
392185,2009,6,Port Elizabeth,2009-04-20,Indian Premier League,5.0,male,T20,T20,20,2009,club,St George's Park,129,1,129,bat,129,92.0,,win,11951.0
392189,2009,6,Durban,2009-04-23,Indian Premier League,9.0,male,T20,T20,20,2009,club,Kingsmead,252,129,252,bat,252,9.0,,win,245.0
392196,2009,6,Durban,2009-04-27,Indian Premier League,16.0,male,T20,T20,20,2009,club,Kingsmead,2,129,2,field,2,,6.0,win,12295.0
392202,2009,6,Centurion,2009-04-30,Indian Premier League,22.0,male,T20,T20,20,2009,club,SuperSport Park,134,129,134,field,129,38.0,,win,47.0
392206,2009,6,Johannesburg,2009-05-02,Indian Premier League,26.0,male,T20,T20,20,2009,club,New Wanderers Stadium,252,129,252,field,129,18.0,,win,53.0
392209,2009,6,East London,2009-05-04,Indian Premier League,29.0,male,T20,T20,20,2009,club,Buffalo Park,129,129,2,bat,129,78.0,,win,38.0
392214,2009,6,Centurion,2009-05-07,Indian Premier League,34.0,male,T20,T20,20,2009,club,SuperSport Park,129,129,494,bat,129,12.0,,win,11942.0
392217,2009,6,Kimberley,2009-05-09,Indian Premier League,37.0,male,T20,T20,20,2009,club,De Beers Diamond Oval,134,129,134,bat,129,,7.0,win,11947.0
392224,2009,6,Durban,2009-05-14,Indian Premier League,44.0,male,T20,T20,20,2009,club,Kingsmead,129,1,129,bat,1,,2.0,win,11998.0
392227,2009,6,Port Elizabeth,2009-05-16,Indian Premier League,47.0,male,T20,T20,20,2009,club,St George's Park,3,129,3,bat,129,,7.0,win,11942.0
392231,2009,6,Centurion,2009-05-18,Indian Premier League,51.0,male,T20,T20,20,2009,club,SuperSport Park,129,129,6,bat,6,,7.0,win,12318.0
392234,2009,6,Durban,2009-05-20,Indian Premier League,54.0,male,T20,T20,20,2009,club,Kingsmead,129,129,494,bat,129,24.0,,win,11951.0
392238,2009,6,Johannesburg,2009-05-23,Indian Premier League,,male,T20,T20,20,2009,club,New Wanderers Stadium,1,1,129,field,1,,6.0,win,59.0
419110,2010,6,Chennai,2010-03-14,Indian Premier League,5.0,male,T20,T20,20,2010,club,"MA Chidambaram Stadium, Chepauk",2,129,2,bat,2,31.0,,win,12015.0
419113,2010,6,Kolkata,2010-03-16,Indian Premier League,8.0,male,T20,T20,20,2010,club,Eden Gardens,129,6,129,bat,129,55.0,,win,38.0
419116,2010,6,Delhi,2010-03-19,Indian Premier League,11.0,male,T20,T20,20,2010,club,Feroz Shah Kotla,252,252,129,bat,129,,5.0,win,11942.0
419121,2010,6,Chennai,2010-03-21,Indian Premier League,16.0,male,T20,T20,20,2010,club,"MA Chidambaram Stadium, Chepauk",129,129,494,field,494,,,tie,14798.0
419123,2010,6,Bangalore,2010-03-23,Indian Premier League,18.0,male,T20,T20,20,2010,club,M Chinnaswamy Stadium,129,1,129,field,1,36.0,,win,58.0
419125,2010,6,Mumbai,2010-03-25,Indian Premier League,21.0,male,T20,T20,20,2010,club,"Brabourne Stadium, Mumbai",3,129,3,field,3,,5.0,win,12580.0
419129,2010,6,Ahmedabad,2010-03-28,Indian Premier League,24.0,male,T20,T20,20,2010,club,"Sardar Patel Stadium, Motera",134,134,129,bat,134,17.0,,win,18.0
419133,2010,6,Chennai,2010-03-31,Indian Premier League,28.0,male,T20,T20,20,2010,club,"MA Chidambaram Stadium, Chepauk",1,129,1,bat,129,,5.0,win,1630.0
419137,2010,6,Chennai,2010-04-03,Indian Premier League,32.0,male,T20,T20,20,2010,club,"MA Chidambaram Stadium, Chepauk",129,129,134,bat,129,23.0,,win,1630.0
419142,2010,6,Chennai,2010-04-06,Indian Premier League,37.0,male,T20,T20,20,2010,club,"MA Chidambaram Stadium, Chepauk",129,129,3,bat,129,24.0,,win,47.0
419147,2010,6,Nagpur,2010-04-10,Indian Premier League,42.0,male,T20,T20,20,2010,club,"Vidarbha Cricket Association Stadium, Jamtha",129,2,129,bat,2,,6.0,win,13785.0
419153,2010,6,Chennai,2010-04-13,Indian Premier League,48.0,male,T20,T20,20,2010,club,"MA Chidambaram Stadium, Chepauk",6,129,6,bat,129,,9.0,win,1416.0
419155,2010,6,Chennai,2010-04-15,Indian Premier League,50.0,male,T20,T20,20,2010,club,"MA Chidambaram Stadium, Chepauk",129,129,252,bat,252,,6.0,win,56.0
419159,2010,6,Dharamsala,2010-04-18,Indian Premier League,54.0,male,T20,T20,20,2010,club,Himachal Pradesh Cricket Association Stadium,129,494,129,field,129,,6.0,win,38.0
419163,2010,6,Mumbai,2010-04-22,Indian Premier League,,male,T20,T20,20,2010,club,Dr DY Patil Sports Academy,129,129,2,bat,129,38.0,,win,15140.0
419165,2010,6,Mumbai,2010-04-25,Indian Premier League,,male,T20,T20,20,2010,club,Dr DY Patil Sports Academy,129,129,3,bat,129,22.0,,win,47.0
501198,2011,6,Chennai,2011-04-08,Indian Premier League,1.0,male,T20,T20,20,2011,club,"MA Chidambaram Stadium, Chepauk",129,129,6,bat,129,2.0,,win,12471.0
501206,2011,6,Chandigarh,2011-04-13,Indian Premier League,9.0,male,T20,T20,20,2011,club,"Punjab Cricket Association Stadium, Mohali",494,494,129,field,494,,6.0,win,13383.0
501211,2011,6,Chennai,2011-04-16,Indian Premier League,14.0,male,T20,T20,20,2011,club,"MA Chidambaram Stadium, Chepauk",129,129,1,bat,129,21.0,,win,11943.0
501215,2011,6,Kochi,2011-04-18,Indian Premier League,18.0,male,T20,T20,20,2011,club,Nehru Stadium,1414,1414,129,field,1414,,7.0,win,46.0
501221,2011,6,Mumbai,2011-04-22,Indian Premier League,25.0,male,T20,T20,20,2011,club,Wankhede Stadium,129,3,129,field,3,8.0,,win,228.0
501226,2011,6,Chennai,2011-04-25,Indian Premier League,29.0,male,T20,T20,20,2011,club,"MA Chidambaram Stadium, Chepauk",1419,129,1419,field,129,25.0,,win,11943.0
501228,2011,6,Mumbai,2011-04-27,Indian Premier League,31.0,male,T20,T20,20,2011,club,Dr DY Patil Sports Academy,1419,1419,129,bat,129,,8.0,win,15140.0
501236,2011,6,Chennai,2011-05-01,Indian Premier League,39.0,male,T20,T20,20,2011,club,"MA Chidambaram Stadium, Chepauk",129,129,2,bat,129,19.0,,win,12234.0
501240,2011,6,Chennai,2011-05-04,Indian Premier League,43.0,male,T20,T20,20,2011,club,"MA Chidambaram Stadium, Chepauk",134,129,134,bat,129,,8.0,win,11943.0
501245,2011,6,Kolkata,2011-05-07,Indian Premier League,48.0,male,T20,T20,20,2011,club,Eden Gardens,129,6,129,bat,6,10.0,,win,173.0
501249,2011,6,Jaipur,2011-05-09,Indian Premier League,52.0,male,T20,T20,20,2011,club,Sawai Mansingh Stadium,134,134,129,field,129,63.0,,win,1630.0
501253,2011,6,Chennai,2011-05-12,Indian Premier League,56.0,male,T20,T20,20,2011,club,"MA Chidambaram Stadium, Chepauk",129,129,252,bat,129,18.0,,win,38.0
501261,2011,6,Chennai,2011-05-18,Indian Premier League,64.0,male,T20,T20,20,2011,club,"MA Chidambaram Stadium, Chepauk",129,129,1414,bat,129,11.0,,win,69.0
501266,2011,6,Bangalore,2011-05-22,Indian Premier League,69.0,male,T20,T20,20,2011,club,M Chinnaswamy Stadium,1,1,129,field,1,,8.0,win,1.0
501268,2011,6,Mumbai,2011-05-24,Indian Premier League,,male,T20,T20,20,2011,club,Wankhede Stadium,129,1,129,field,129,,6.0,win,47.0
501271,2011,6,Chennai,2011-05-28,Indian Premier League,,male,T20,T20,20,2011,club,"MA Chidambaram Stadium, Chepauk",129,129,1,bat,129,58.0,,win,1630.0
548306,2012,6,Chennai,2012-04-04,Indian Premier League,1.0,male,T20,T20,20,2012,club,"MA Chidambaram Stadium, Chepauk",3,129,3,field,3,,8.0,win,34272.0
548311,2012,6,Visakhapatnam,2012-04-07,Indian Premier League,6.0,male,T20,T20,20,2012,club,Dr. Y.S. Rajasekhara Reddy ACA-VDCA Cricket Stadium,2,2,129,field,129,74.0,,win,348.0
548316,2012,6,Delhi,2012-04-10,Indian Premier League,11.0,male,T20,T20,20,2012,club,Feroz Shah Kotla,252,252,129,field,252,,8.0,win,13863.0
548318,2012,6,Chennai,2012-04-12,Indian Premier League,13.0,male,T20,T20,20,2012,club,"MA Chidambaram Stadium, Chepauk",1,129,1,bat,129,,5.0,win,267.0
548322,2012,6,Pune,2012-04-14,Indian Premier League,16.0,male,T20,T20,20,2012,club,Subrata Roy Sahara Stadium,129,1419,129,bat,1419,,7.0,win,13228.0
548330,2012,6,Chennai,2012-04-19,Indian Premier League,24.0,male,T20,T20,20,2012,club,"MA Chidambaram Stadium, Chepauk",1419,129,1419,field,129,13.0,,win,16414.0
548332,2012,6,Chennai,2012-04-21,Indian Premier League,26.0,male,T20,T20,20,2012,club,"MA Chidambaram Stadium, Chepauk",134,129,134,bat,129,,7.0,win,267.0
548343,2012,6,Chennai,2012-04-28,Indian Premier League,37.0,male,T20,T20,20,2012,club,"MA Chidambaram Stadium, Chepauk",494,129,494,bat,494,7.0,,win,2.0
548347,2012,6,Chennai,2012-04-30,Indian Premier League,41.0,male,T20,T20,20,2012,club,"MA Chidambaram Stadium, Chepauk",129,129,6,bat,6,,5.0,win,56.0
548352,2012,6,Chennai,2012-05-04,Indian Premier League,46.0,male,T20,T20,20,2012,club,"MA Chidambaram Stadium, Chepauk",129,129,2,bat,129,10.0,,win,47.0
548355,2012,6,Mumbai,2012-05-06,Indian Premier League,49.0,male,T20,T20,20,2012,club,Wankhede Stadium,3,3,129,field,3,,2.0,win,50.0
548361,2012,6,Jaipur,2012-05-10,Indian Premier League,56.0,male,T20,T20,20,2012,club,Sawai Mansingh Stadium,129,134,129,field,129,,4.0,win,35239.0
548364,2012,6,Chennai,2012-05-12,Indian Premier League,59.0,male,T20,T20,20,2012,club,"MA Chidambaram Stadium, Chepauk",129,129,252,field,129,,9.0,win,35239.0
548368,2012,6,Kolkata,2012-05-14,Indian Premier League,63.0,male,T20,T20,20,2012,club,Eden Gardens,129,6,129,field,129,,5.0,win,11943.0
548371,2012,6,Dharamsala,2012-05-17,Indian Premier League,66.0,male,T20,T20,20,2012,club,Himachal Pradesh Cricket Association Stadium,494,494,129,field,494,,6.0,win,12007.0
548379,2012,6,Bangalore,2012-05-23,Indian Premier League,,male,T20,T20,20,2012,club,M Chinnaswamy Stadium,3,129,3,field,129,38.0,,win,38.0
548380,2012,6,Chennai,2012-05-25,Indian Premier League,,male,T20,T20,20,2012,club,"MA Chidambaram Stadium, Chepauk",252,252,129,field,129,86.0,,win,1630.0
548381,2012,6,Chennai,2012-05-27,Indian Premier League,,male,T20,T20,20,2012,club,"MA Chidambaram Stadium, Chepauk",129,6,129,bat,6,,5.0,win,14505.0
598002,2013,6,Chennai,2013-04-06,Indian Premier League,5.0,male,T20,T20,20,2013,club,"MA Chidambaram Stadium, Chepauk",3,129,3,bat,3,9.0,,win,29.0
598007,2013,6,Chandigarh,2013-04-10,Indian Premier League,11.0,male,T20,T20,20,2013,club,"Punjab Cricket Association Stadium, Mohali",129,494,129,field,129,,10.0,win,11943.0
598012,2013,6,Chennai,2013-04-13,Indian Premier League,16.0,male,T20,T20,20,2013,club,"MA Chidambaram Stadium, Chepauk",129,129,1,field,129,,4.0,win,348.0
598015,2013,6,Chennai,2013-04-15,Indian Premier League,19.0,male,T20,T20,20,2013,club,"MA Chidambaram Stadium, Chepauk",1419,129,1419,bat,1419,24.0,,win,36.0
598020,2013,6,Delhi,2013-04-18,Indian Premier League,24.0,male,T20,T20,20,2013,club,Feroz Shah Kotla,129,252,129,bat,129,86.0,,win,11943.0
598022,2013,6,Kolkata,2013-04-20,Indian Premier League,26.0,male,T20,T20,20,2013,club,Eden Gardens,6,6,129,bat,129,,4.0,win,348.0
598026,2013,6,Chennai,2013-04-22,Indian Premier League,30.0,male,T20,T20,20,2013,club,"MA Chidambaram Stadium, Chepauk",134,129,134,bat,129,,5.0,win,11943.0
598030,2013,6,Chennai,2013-04-25,Indian Premier League,34.0,male,T20,T20,20,2013,club,"MA Chidambaram Stadium, Chepauk",2,129,2,bat,129,,5.0,win,38.0
598034,2013,6,Chennai,2013-04-28,Indian Premier League,38.0,male,T20,T20,20,2013,club,"MA Chidambaram Stadium, Chepauk",6,129,6,field,129,14.0,,win,11943.0
598038,2013,6,Pune,2013-04-30,Indian Premier League,42.0,male,T20,T20,20,2013,club,Subrata Roy Sahara Stadium,129,1419,129,bat,129,37.0,,win,38.0
598041,2013,6,Chennai,2013-05-02,Indian Premier League,45.0,male,T20,T20,20,2013,club,"MA Chidambaram Stadium, Chepauk",129,129,494,bat,129,15.0,,win,47.0
598046,2013,6,Mumbai,2013-05-05,Indian Premier League,49.0,male,T20,T20,20,2013,club,Wankhede Stadium,3,3,129,bat,3,60.0,,win,604.0
598051,2013,6,Hyderabad,2013-05-08,Indian Premier League,54.0,male,T20,T20,20,2013,club,"Rajiv Gandhi International Stadium, Uppal",2,2,129,field,129,77.0,,win,47.0
598058,2013,6,Jaipur,2013-05-12,Indian Premier League,61.0,male,T20,T20,20,2013,club,Sawai Mansingh Stadium,134,134,129,field,134,,5.0,win,5.0
598062,2013,6,Chennai,2013-05-14,Indian Premier League,64.0,male,T20,T20,20,2013,club,"MA Chidambaram Stadium, Chepauk",129,129,252,bat,129,33.0,,win,38.0
598068,2013,6,Bangalore,2013-05-18,Indian Premier League,70.0,male,T20,T20,20,2013,club,M Chinnaswamy Stadium,129,1,129,field,1,24.0,,win,332.0
598070,2013,6,Delhi,2013-05-21,Indian Premier League,,male,T20,T20,20,2013,club,Feroz Shah Kotla,129,129,3,bat,129,48.0,,win,11943.0
598073,2013,6,Kolkata,2013-05-26,Indian Premier League,,male,T20,T20,20,2013,club,Eden Gardens,3,129,3,bat,3,23.0,,win,29.0
729283,2014,6,Abu Dhabi,2014-04-18,Indian Premier League,3.0,male,T20,T20,20,2014,club,Sheikh Zayed Stadium,129,129,494,bat,494,,6.0,win,71.0
729293,2014,6,Abu Dhabi,2014-04-21,Indian Premier League,8.0,male,T20,T20,20,2014,club,Sheikh Zayed Stadium,129,129,252,bat,129,93.0,,win,47.0
729297,2014,6,,2014-04-23,Indian Premier League,10.0,male,T20,T20,20,2014,club,Dubai International Cricket Stadium,134,134,129,field,129,7.0,,win,348.0
729303,2014,6,,2014-04-25,Indian Premier League,13.0,male,T20,T20,20,2014,club,Dubai International Cricket Stadium,3,129,3,bat,129,,7.0,win,75.0
729311,2014,6,,2014-04-27,Indian Premier League,17.0,male,T20,T20,20,2014,club,Sharjah Cricket Stadium,2,2,129,bat,129,,5.0,win,50.0
733971,2014,6,Ranchi,2014-05-02,Indian Premier League,21.0,male,T20,T20,20,2014,club,JSCA International Stadium Complex,129,129,6,bat,129,34.0,,win,348.0
733981,2014,6,Delhi,2014-05-05,Indian Premier League,26.0,male,T20,T20,20,2014,club,Feroz Shah Kotla,129,252,129,field,129,,8.0,win,50.0
733987,2014,6,Cuttack,2014-05-07,Indian Premier League,29.0,male,T20,T20,20,2014,club,Barabati Stadium,129,494,129,field,494,44.0,,win,71.0
733995,2014,6,Mumbai,2014-05-10,Indian Premier League,33.0,male,T20,T20,20,2014,club,Wankhede Stadium,129,3,129,field,129,,4.0,win,50.0
734003,2014,6,Ranchi,2014-05-13,Indian Premier League,37.0,male,T20,T20,20,2014,club,JSCA International Stadium Complex,134,129,134,bat,129,,5.0,win,348.0
734013,2014,6,Ranchi,2014-05-18,Indian Premier League,42.0,male,T20,T20,20,2014,club,JSCA International Stadium Complex,129,129,1,bat,1,,5.0,win,245.0
734023,2014,6,Kolkata,2014-05-20,Indian Premier League,47.0,male,T20,T20,20,2014,club,Eden Gardens,6,6,129,field,6,,8.0,win,58.0
734029,2014,6,Ranchi,2014-05-22,Indian Premier League,50.0,male,T20,T20,20,2014,club,JSCA International Stadium Complex,2,129,2,field,2,,6.0,win,12.0
734035,2014,6,Bangalore,2014-05-24,Indian Premier League,53.0,male,T20,T20,20,2014,club,M Chinnaswamy Stadium,129,1,129,field,129,,8.0,win,38.0
734045,2014,6,Mumbai,2014-05-28,Indian Premier League,,male,T20,T20,20,2014,club,Brabourne Stadium,129,129,3,field,129,,7.0,win,47.0
734047,2014,6,Mumbai,2014-05-30,Indian Premier League,,male,T20,T20,20,2014,club,Wankhede Stadium,129,129,494,field,494,24.0,,win,11975.0
829707,2015,6,Chennai,2015-04-09,Indian Premier League,2.0,male,T20,T20,20,2015,club,"MA Chidambaram Stadium, Chepauk",252,129,252,field,129,1.0,,win,21.0
829711,2015,6,Chennai,2015-04-11,Indian Premier League,4.0,male,T20,T20,20,2015,club,"MA Chidambaram Stadium, Chepauk",129,129,2,bat,129,45.0,,win,46.0
829723,2015,6,Kolkata,2015-04-30,Indian Premier League,30.0,male,T20,T20,20,2015,club,Eden Gardens,6,6,129,field,6,,7.0,win,1437.0
829729,2015,6,Mumbai,2015-04-17,Indian Premier League,12.0,male,T20,T20,20,2015,club,Wankhede Stadium,3,3,129,bat,129,,6.0,win,21.0
829735,2015,6,Ahmedabad,2015-04-19,Indian Premier League,15.0,male,T20,T20,20,2015,club,"Sardar Patel Stadium, Motera",129,134,129,bat,134,,8.0,win,34.0
829745,2015,6,Bangalore,2015-04-22,Indian Premier League,20.0,male,T20,T20,20,2015,club,M Chinnaswamy Stadium,1,1,129,field,129,27.0,,win,47.0
829753,2015,6,Chennai,2015-04-25,Indian Premier League,24.0,male,T20,T20,20,2015,club,"MA Chidambaram Stadium, Chepauk",129,129,494,bat,129,97.0,,win,46.0
829765,2015,6,Chennai,2015-04-28,Indian Premier League,28.0,male,T20,T20,20,2015,club,"MA Chidambaram Stadium, Chepauk",6,129,6,field,129,2.0,,win,1393.0
829773,2015,6,Hyderabad,2015-05-02,Indian Premier League,34.0,male,T20,T20,20,2015,club,"Rajiv Gandhi International Stadium, Uppal",129,2,129,field,2,22.0,,win,12.0
829779,2015,6,Chennai,2015-05-04,Indian Premier League,37.0,male,T20,T20,20,2015,club,"MA Chidambaram Stadium, Chepauk",129,129,1,bat,129,24.0,,win,47.0
829789,2015,6,Chennai,2015-05-08,Indian Premier League,43.0,male,T20,T20,20,2015,club,"MA Chidambaram Stadium, Chepauk",129,129,3,bat,3,,6.0,win,30.0
829797,2015,6,Chennai,2015-05-10,Indian Premier League,47.0,male,T20,T20,20,2015,club,"MA Chidambaram Stadium, Chepauk",129,129,134,bat,129,12.0,,win,348.0
829801,2015,6,Raipur,2015-05-12,Indian Premier League,49.0,male,T20,T20,20,2015,club,Shaheed Veer Narayan Singh International Stadium,129,252,129,bat,252,,6.0,win,187.0
829809,2015,6,Chandigarh,2015-05-16,Indian Premier League,53.0,male,T20,T20,20,2015,club,"Punjab Cricket Association Stadium, Mohali",494,494,129,bat,129,,7.0,win,172.0
829817,2015,6,Mumbai,2015-05-19,Indian Premier League,,male,T20,T20,20,2015,club,Wankhede Stadium,3,129,3,bat,3,25.0,,win,29.0
829821,2015,6,Ranchi,2015-05-22,Indian Premier League,,male,T20,T20,20,2015,club,JSCA International Stadium Complex,129,129,1,field,129,,3.0,win,21.0
829823,2015,6,Kolkata,2015-05-24,Indian Premier League,,male,T20,T20,20,2015,club,Eden Gardens,129,3,129,field,3,41.0,,win,25.0
1473448,2025,6,Guwahati,2025-03-30,Indian Premier League,11.0,male,T20,T20,20,2025,club,"Barsapara Cricket Stadium, Guwahati",129,134,129,field,134,6.0,,win,26.0
1473454,2025,6,Chennai,2025-04-05,Indian Premier League,17.0,male,T20,T20,20,2025,club,"MA Chidambaram Stadium, Chepauk, Chennai",252,252,129,bat,252,25.0,,win,1409.0
1473459,2025,6,Mohali,2025-04-08,Indian Premier League,22.0,male,T20,T20,20,2025,club,"Maharaja Yadavindra Singh International Cricket Stadium, Mullanpur",494,494,129,bat,494,18.0,,win,11847.0
1473462,2025,6,Chennai,2025-04-11,Indian Premier League,25.0,male,T20,T20,20,2025,club,"MA Chidambaram Stadium, Chepauk, Chennai",6,129,6,field,6,,8.0,win,65.0
1473467,2025,6,Lucknow,2025-04-14,Indian Premier League,30.0,male,T20,T20,20,2025,club,"Bharat Ratna Shri Atal Bihari Vajpayee Ekana Cricket Stadium, Lucknow",129,614,129,field,129,,5.0,win,38.0
1473475,2025,6,Mumbai,2025-04-20,Indian Premier League,38.0,male,T20,T20,20,2025,club,"Wankhede Stadium, Mumbai",3,129,3,field,3,,9.0,win,25.0
1473480,2025,6,Chennai,2025-04-25,Indian Premier League,43.0,male,T20,T20,20,2025,club,"MA Chidambaram Stadium, Chepauk, Chennai",2,129,2,field,2,,5.0,win,1285.0
1473486,2025,6,Chennai,2025-04-30,Indian Premier League,49.0,male,T20,T20,20,2025,club,"MA Chidambaram Stadium, Chepauk, Chennai",494,129,494,field,494,,4.0,win,389.0
1473489,2025,6,Bengaluru,2025-05-03,Indian Premier League,52.0,male,T20,T20,20,2025,club,"M Chinnaswamy Stadium, Bengaluru",129,1,129,field,1,2.0,,win,6761.0
1473494,2025,6,Kolkata,2025-05-07,Indian Premier League,57.0,male,T20,T20,20,2025,club,"Eden Gardens, Kolkata",6,6,129,bat,129,,2.0,win,8809.0
1473500,2025,6,Delhi,2025-05-20,Indian Premier League,62.0,male,T20,T20,20,2025,club,"Arun Jaitley Stadium, Delhi",134,129,134,field,134,,6.0,win,9371.0
1473504,2025,6,Ahmedabad,2025-05-25,Indian Premier League,67.0,male,T20,T20,20,2025,club,"Narendra Modi Stadium, Ahmedabad",129,129,615,bat,129,83.0,,win,6944.0
1527676,2026,6,Guwahati,2026-03-30,Indian Premier League,3.0,male,T20,T20,20,2026,club,"Barsapara Cricket Stadium, Guwahati",134,129,134,field,134,,8.0,win,10135.0
1527680,2026,6,Chennai,2026-04-03,Indian Premier League,7.0,male,T20,T20,20,2026,club,"MA Chidambaram Stadium, Chepauk, Chennai",494,129,494,field,494,,5.0,win,11847.0
1527684,2026,6,Bengaluru,2026-04-05,Indian Premier League,11.0,male,T20,T20,20,2026,club,"M Chinnaswamy Stadium, Bengaluru",129,1,129,field,1,43.0,,win,6550.0
1527691,2026,6,Chennai,2026-04-11,Indian Premier League,18.0,male,T20,T20,20,2026,club,"MA Chidambaram Stadium, Chepauk, Chennai",252,129,252,field,129,23.0,,win,180.0
1529265,2026,6,Chennai,2026-04-14,Indian Premier League,22.0,male,T20,T20,20,2026,club,"MA Chidambaram Stadium, Chepauk, Chennai",6,129,6,field,129,32.0,,win,8809.0
1529270,2026,6,Hyderabad,2026-04-18,Indian Premier League,27.0,male,T20,T20,20,2026,club,"Rajiv Gandhi International Stadium, Uppal, Hyderabad",129,2,129,field,2,10.0,,win,42133.0
1529276,2026,6,Mumbai,2026-04-23,Indian Premier League,33.0,male,T20,T20,20,2026,club,"Wankhede Stadium, Mumbai",3,129,3,field,129,103.0,,win,180.0
1529280,2026,6,Chennai,2026-04-26,Indian Premier League,37.0,male,T20,T20,20,2026,club,"MA Chidambaram Stadium, Chepauk, Chennai",615,129,615,field,615,,8.0,win,590.0
