batter,runs,balls,boundaries,strike_rate
MS Dhoni,4865,3620,576,134.39
SK Raina,4695,3546,606,132.4
F du Plessis,2721,2123,335,128.17
RD Gaikwad,2680,2021,349,132.61
RA Jadeja,2198,1682,244,130.68
AT Rayudu,1932,1526,248,126.61
MEK Hussey,1768,1461,226,121.01
M Vijay,1708,1405,218,121.57
S Dube,1610,1136,204,141.73
S Badrinath,1441,1245,182,115.74
SR Watson,1252,943,187,132.77
ML Hayden,1107,839,165,131.94
DP Conway,1080,794,151,136.02
DJ Bravo,1004,758,120,132.45
DR Smith,965,766,152,125.98
MM Ali,853,650,118,131.23
BB McCullum,841,634,125,132.65
JA Morkel,828,592,99,139.86
AM Rahane,568,393,71,144.53
PA Patel,516,529,74,97.54
A Mhatre,441,250,74,176.4
R Ravindra,413,298,56,138.59
SM Curran,356,263,47,135.36
RV Uthappa,345,267,46,129.21
DJ Mitchell,318,228,37,139.47
SV Samson,304,184,48,165.22
D Brevis,289,187,39,154.55
KM Jadhav,248,263,32,94.3
R Ashwin,223,238,24,93.7
SP Fleming,196,171,30,114.62
SN Khan,161,100,29,161.0
J Overton,151,98,21,154.08
S Vidyut,145,115,24,126.09
WP Saha,144,138,16,104.35
S Anirudha,133,116,16,114.66
V Shankar,118,95,11,124.21
DJ Hussey,116,96,14,120.83
P Negi,116,77,15,150.65
SW Billings,108,83,13,130.12
JDP Oram,106,107,11,99.07
N Jagadeesan,73,71,8,102.82
Urvil Patel,72,37,12,194.59
SK Rasheed,71,67,11,105.97
MJ Santner,70,77,7,90.91
SN Thakur,67,57,8,117.54
DL Chahar,66,55,6,120.0
GJ Bailey,63,67,9,94.03
A Flintoff,62,57,7,108.77
Kartik Sharma,58,51,7,113.73
RA Tripathi,55,57,7,96.49
A Kamboj,53,45,6,117.78
Sameer Rizvi,51,43,6,118.6
MS Gony,50,39,7,128.21
PR Veer,49,36,8,136.11
D Pretorius,44,28,6,157.14
Joginder Sharma,36,30,3,120.0
MW Short,36,39,3,92.31
M Manhas,35,26,4,134.62
DJ Hooda,31,43,3,72.09
Harbhajan Singh,30,41,4,73.17
MM Sharma,29,28,3,103.57
SB Jakati,27,28,3,96.43
JM Kemp,26,25,2,104.0
L Balaji,22,35,2,62.86
DE Bollinger,21,23,2,91.3
Noor Ahmad,17,36,1,47.22
CK Kapugedera,16,24,0,66.67
Imran Tahir,15,12,2,125.0
BA Stokes,15,15,2,100.0
CH Morris,14,17,0,82.35
DR Shorey,13,20,1,65.0
T Thushara,12,19,0,63.16
M Ntini,11,19,2,57.89
CJ Jordan,11,9,0,122.22
M Muralitharan,9,13,1,69.23
Simarjeet Singh,7,8,0,87.5
MJ Henry,7,10,1,70.0
M Theekshana,7,7,1,100.0
Mukesh Choudhary,6,6,1,100.0
SB Styris,5,2,1,250.0
KMDN Kulasekara,5,3,1,166.67
B Laughlin,4,9,0,44.44
S Tyagi,3,4,0,75.0
KB Arun Karthik,3,5,0,60.0
AS Rajpoot,2,6,0,33.33
AJ Hosein,2,2,0,100.0
RG More,2,2,0,100.0
RJ Gleeson,2,2,0,100.0
S Randiv,2,4,0,50.0
MA Wood,1,5,0,20.0
A Nehra,1,7,0,14.29
KK Ahmed,1,2,0,50.0
A Mukund,0,1,0,0.0
TU Deshpande,0,3,0,0.0
