venue,matches,wins,losses,win_percentage
Maharashtra Cricket Association Stadium,6,5,1,83.33
Arun Jaitley Stadium,8,6,2,75.0
"Dr DY Patil Sports Academy, Mumbai",8,6,2,75.0
"MA Chidambaram Stadium, Chepauk",81,53,28,65.43
Dubai International Cricket Stadium,14,9,5,64.29
JSCA International Stadium Complex,5,3,2,60.0
M Chinnaswamy Stadium,7,4,3,57.14
"Wankhede Stadium, Mumbai",27,14,13,51.85
Sheikh Zayed Stadium,6,3,3,50.0
Sharjah Cricket Stadium,6,3,3,50.0
Sawai Mansingh Stadium,6,3,3,50.0
Eden Gardens,11,5,6,45.45
