bowler,wickets,balls,dot_balls,runs_conceded,overs,economy
DJ Bravo,158,2394,702,3199,399.0,8.02
RA Jadeja,149,3233,1026,4086,538.8333333333334,7.58
R Ashwin,106,2270,852,2517,378.3333333333333,6.65
JA Morkel,86,1598,575,2103,266.3333333333333,7.9
DL Chahar,78,1669,683,2126,278.1666666666667,7.64
SN Thakur,63,1273,416,1843,212.16666666666666,8.69
MM Sharma,63,1003,408,1293,167.16666666666666,7.73
M Pathirana,53,787,236,1047,131.16666666666666,7.98
SB Jakati,48,924,299,1200,154.0,7.79
M Muralitharan,43,979,394,1039,163.16666666666666,6.37
TU Deshpande,43,721,256,1082,120.16666666666667,9.0
DE Bollinger,43,600,254,716,100.0,7.16
Imran Tahir,36,606,216,727,101.0,7.2
L Balaji,35,581,180,827,96.83333333333333,8.54
A Nehra,33,478,200,596,79.66666666666667,7.48
Noor Ahmad,32,495,145,683,82.5,8.28
SK Raina,29,797,245,953,132.83333333333334,7.17
L Ngidi,28,342,131,460,57.0,8.07
MM Ali,26,506,169,591,84.33333333333333,7.01
SM Curran,25,548,175,815,91.33333333333333,8.92
M Theekshana,25,631,190,814,105.16666666666667,7.74
Harbhajan Singh,25,462,182,585,77.0,7.6
MS Gony,24,529,207,721,88.16666666666667,8.18
BW Hilfenhaus,23,390,173,497,65.0,7.65
A Kamboj,22,304,128,412,50.666666666666664,8.13
Mukesh Choudhary,20,373,147,576,62.166666666666664,9.27
KK Ahmed,18,396,171,603,66.0,9.14
IC Pandey,18,444,205,559,74.0,7.55
CH Morris,17,309,113,410,51.5,7.96
MJ Santner,16,370,134,428,61.666666666666664,6.94
Mustafizur Rahman,14,225,76,324,37.5,8.64
Joginder Sharma,13,272,71,421,45.333333333333336,9.29
JDP Oram,12,194,60,288,32.333333333333336,8.91
JR Hazlewood,12,276,110,374,46.0,8.13
KV Sharma,10,193,46,288,32.166666666666664,8.95
T Thushara,10,144,57,164,24.0,6.83
Simarjeet Singh,10,193,82,265,32.166666666666664,8.24
J Overton,9,161,43,272,26.833333333333332,10.14
M Ntini,8,213,99,257,35.5,7.24
S Randiv,8,180,60,223,30.0,7.43
P Negi,8,226,61,335,37.666666666666664,8.89
P Amarnath,7,132,29,241,22.0,10.95
D Pretorius,7,166,42,242,27.666666666666668,8.75
PP Chawla,7,128,37,191,21.333333333333332,8.95
SR Watson,7,176,56,252,29.333333333333332,8.59
AJ Hosein,6,84,33,109,14.0,7.79
S Tyagi,6,220,93,304,36.666666666666664,8.29
KMDN Kulasekara,6,107,45,122,17.833333333333332,6.84
DP Nannes,5,126,50,165,21.0,7.86
Akash Singh,5,117,46,188,19.5,9.64
DR Smith,5,74,19,116,12.333333333333334,9.41
KM Asif,4,52,18,93,8.666666666666666,10.73
JO Holder,4,125,47,173,20.833333333333332,8.3
TG Southee,4,119,43,167,19.833333333333332,8.42
RS Hangargekar,3,43,14,60,7.166666666666667,8.37
VY Mahesh,3,61,18,83,10.166666666666666,8.16
JM Kemp,3,47,15,58,7.833333333333333,7.4
CJ Jordan,3,80,22,136,13.333333333333334,10.2
Gurjapneet Singh,3,88,28,139,14.666666666666666,9.48
DJ Willey,2,61,19,96,10.166666666666666,9.44
SC Kuggeleijn,2,50,17,71,8.333333333333334,8.52
DJ Hussey,2,18,5,38,3.0,12.67
S Dube,2,52,6,124,8.666666666666666,14.31
S Badree,2,87,40,103,14.5,7.1
A Flintoff,2,66,20,106,11.0,9.64
PH Solanki,2,36,11,39,6.0,6.5
MJ Henry,2,61,9,131,10.166666666666666,12.89
NT Ellis,1,25,5,39,4.166666666666667,9.36
RG More,1,37,4,63,6.166666666666667,10.22
RJ Gleeson,1,51,19,72,8.5,8.47
AS Rajpoot,1,25,8,37,4.166666666666667,8.88
B Laughlin,1,45,9,72,7.5,9.6
DJ Mitchell,1,38,4,70,6.333333333333333,11.05
S Vidyut,1,13,5,22,2.1666666666666665,10.15
JW Hastings,1,19,9,29,3.1666666666666665,9.16
SSB Magala,1,37,5,52,6.166666666666667,8.43
R Ravindra,0,12,5,7,2.0,3.5
V Shankar,0,6,1,19,1.0,19.0
AF Milne,0,15,9,19,2.5,7.6
BA Stokes,0,6,0,18,1.0,18.0
C Ganapathy,0,6,1,13,1.0,13.0
SB Styris,0,6,1,13,1.0,13.0
CK Kapugedera,0,17,0,49,2.8333333333333335,17.29
DJ Hooda,0,7,1,15,1.1666666666666667,12.86
MW Short,0,20,5,39,3.3333333333333335,11.7
NLTC Perera,0,6,0,19,1.0,19.0
MA Wood,0,25,5,50,4.166666666666667,12.0
F du Plessis,0,6,0,16,1.0,16.0
RD Chahar,0,25,4,46,4.166666666666667,11.04
Monu Kumar,0,16,4,20,2.6666666666666665,7.5
