match_id,innings,pp_runs,pp_wickets,middle_runs,middle_wickets,score_after_10,boundaries,dot_balls,final_score
335982,1,61,1,93,1,87,29,36,222
335982,2,26,4,55,5,51,6,50,82
335983,1,53,1,108,3,88,36,34,240
335983,2,63,1,102,2,110,27,23,207
335984,1,40,2,56,5,57,17,54,129
335984,2,55,1,73,0,86,19,31,132
335985,1,47,3,58,1,74,23,45,165
335985,2,40,1,78,3,76,21,36,166
335986,1,39,2,38,4,52,12,62,110
335986,2,26,3,55,1,38,9,61,112
335987,1,54,1,61,3,82,25,54,166
335987,2,53,3,89,1,87,24,47,168
335988,1,25,2,48,3,45,18,56,142
335988,2,48,1,95,0,95,21,26,143
335989,1,53,2,90,1,82,30,37,208
335989,2,52,2,82,3,83,27,38,202
335990,1,58,2,90,1,85,33,37,214
335990,2,73,1,86,2,114,32,34,217
335991,1,60,1,78,3,94,23,40,182
335991,2,39,2,62,5,67,16,69,116
335992,1,57,2,38,5,77,19,64,135
335992,2,45,2,76,0,73,24,44,138
335993,1,61,3,43,3,72,18,49,147
335993,2,45,0,76,1,77,17,34,152
335994,1,27,3,72,2,54,19,49,154
335994,2,60,0,95,0,130,24,21,155
335995,1,45,3,62,2,69,20,39,158
335995,2,55,2,68,2,81,22,46,162
335996,1,36,1,66,2,65,25,43,178
335996,2,45,1,87,2,93,19,35,165
335997,1,40,3,47,3,60,18,53,137
335997,2,38,3,72,0,69,19,52,138
335998,1,58,1,93,1,91,26,31,191
335998,2,55,3,79,0,83,23,32,181
335999,1,50,1,61,5,76,22,40,164
335999,2,41,1,88,2,77,23,32,167
336000,1,45,1,97,3,89,27,37,196
336000,2,51,3,77,2,78,14,36,151
336001,1,47,1,79,2,82,22,44,169
336001,2,64,0,78,2,106,21,36,172
336002,1,41,0,82,4,81,22,51,165
336002,2,43,1,63,2,61,26,38,171
336003,1,49,1,70,4,85,26,42,178
336003,2,31,4,70,1,52,18,46,169
336004,1,50,2,62,3,74,22,50,162
336004,2,37,2,77,3,81,14,43,133
336005,1,38,4,53,3,58,13,61,109
336005,2,44,0,66,2,78,12,39,110
336006,1,26,3,71,1,51,17,58,126
336006,2,52,1,57,3,81,15,51,127
336007,1,34,3,52,3,66,17,53,144
336007,2,50,1,65,1,78,22,50,148
336008,1,48,2,54,5,79,11,43,103
336008,2,34,0,68,3,64,10,44,104
336009,1,50,2,83,0,83,25,26,187
336009,2,62,0,80,4,98,25,33,188
336010,1,41,2,74,4,76,17,40,129
336010,2,35,2,76,2,53,17,36,124
336011,1,50,0,53,4,74,18,47,140
336011,2,50,0,79,1,81,18,33,141
336012,1,36,2,56,5,56,13,49,122
336012,2,39,0,78,1,79,16,43,126
336013,1,53,2,91,1,85,21,40,181
336013,2,35,2,80,4,76,18,46,163
336014,1,43,1,75,1,73,31,42,204
336014,2,55,3,70,3,74,24,48,181
336015,1,47,1,49,4,68,15,41,156
336015,2,21,2,99,2,80,19,47,159
336016,1,50,3,52,2,74,15,42,143
336016,2,42,0,99,1,70,19,32,144
336017,1,35,1,60,2,69,13,43,133
336017,2,37,4,60,2,64,13,46,110
336018,1,28,2,61,2,57,24,56,156
336018,2,78,0,80,1,107,24,37,158
336019,1,51,0,93,1,88,34,41,221
336019,2,38,2,102,3,67,26,43,180
336020,1,48,1,90,0,76,24,31,194
336020,2,71,1,57,3,84,24,39,182
336021,1,27,3,40,6,44,8,59,67
336022,1,68,0,50,4,115,16,24,118
336022,2,73,3,21,0,94,12,11,94
336023,1,51,0,92,1,94,24,34,197
336023,2,23,3,60,4,38,16,59,132
336024,1,57,1,57,3,78,23,43,178
336024,2,32,3,74,1,59,19,47,153
336025,1,35,2,66,0,61,18,45,149
336025,2,43,0,12,0,55,8,21,55
336026,1,41,1,61,2,70,20,53,154
336026,2,71,0,56,4,105,22,37,158
336027,1,32,1,70,3,59,19,51,147
336027,2,42,3,86,1,69,22,38,150
336028,1,43,1,91,1,84,26,42,189
336028,2,68,1,76,2,90,23,41,188
336029,1,23,2,53,3,41,15,51,126
336029,2,44,0,48,4,61,12,67,112
336031,1,42,0,69,2,70,23,44,175
336031,2,74,0,61,2,101,21,32,178
336032,1,60,0,63,4,81,25,45,176
336032,2,56,2,74,3,88,26,39,179
336033,1,67,0,100,2,107,29,30,211
336033,2,65,1,92,2,99,28,35,201
336034,1,46,1,68,4,80,19,34,156
336034,2,33,2,79,0,63,20,40,153
336035,1,47,1,86,2,82,22,42,174
336035,2,51,2,53,3,74,26,50,175
336036,1,29,0,68,2,60,15,46,145
336036,2,36,2,54,3,67,13,42,146
336037,1,26,2,67,1,57,16,43,147
336037,2,44,1,70,1,72,19,46,148
336038,1,58,0,84,4,83,29,46,192
336038,2,28,3,54,5,56,10,49,87
336039,1,35,4,33,3,45,13,62,112
336039,2,35,1,81,0,62,17,37,116
336040,1,42,1,75,2,75,16,37,163
336040,2,41,1,71,3,75,17,43,164
392181,1,40,1,65,3,64,22,35,165
392181,2,40,2,68,3,70,16,46,146
392182,1,29,3,58,2,57,17,55,133
392182,2,14,2,44,7,32,3,59,58
392183,1,67,1,37,6,91,12,28,104
392184,1,21,3,43,2,31,11,66,101
392184,2,37,2,67,0,69,15,36,104
392185,1,68,0,67,2,106,21,34,179
392185,2,46,2,39,7,56,10,48,87
392186,1,46,1,71,3,67,19,46,158
392186,2,60,1,19,0,79,9,26,79
392188,1,62,1,77,2,91,21,39,184
392188,2,31,2,78,2,57,21,48,160
392189,1,59,2,64,2,90,24,35,189
392189,2,61,1,87,3,106,19,31,180
392190,1,54,2,53,2,78,16,45,150
392190,2,38,1,60,4,67,16,51,150
392191,1,49,3,69,1,71,21,46,168
392191,2,44,0,65,2,80,17,23,173
392192,1,55,0,82,4,88,19,39,168
392192,2,50,1,58,3,84,17,42,156
392194,1,45,2,55,2,74,13,45,149
392194,2,43,2,56,1,64,14,35,150
392195,1,38,2,60,2,60,15,50,139
392195,2,32,4,50,2,48,9,52,112
392196,1,62,1,51,3,88,22,45,165
392196,2,69,1,60,2,85,20,37,169
392197,1,61,0,90,3,111,21,42,187
392197,2,47,2,48,5,70,10,40,95
392198,1,42,3,59,1,66,17,44,143
392198,2,33,2,63,3,60,18,47,147
392199,1,45,2,49,2,61,14,43,139
392199,2,46,0,52,2,65,15,43,143
392200,1,26,2,60,3,50,6,42,119
392200,2,23,3,58,1,47,8,54,116
392201,1,37,2,81,3,55,16,45,148
392201,2,41,2,60,1,70,19,45,150
392202,1,40,2,64,2,81,21,45,164
392202,2,38,2,60,3,61,13,47,126
392203,1,40,2,48,2,61,14,42,148
392203,2,26,2,72,1,60,13,43,139
392204,1,38,2,62,4,62,18,52,145
392204,2,35,0,60,3,70,15,56,137
392205,1,39,2,63,1,58,16,51,141
392205,2,30,3,68,3,60,17,49,142
392206,1,53,2,77,2,77,20,44,163
392206,2,49,2,71,1,72,19,52,145
392207,1,28,1,64,1,52,19,46,153
392207,2,51,2,65,2,81,17,41,154
392208,1,25,3,61,1,53,16,47,149
392208,2,51,1,71,0,74,18,43,150
392209,1,53,0,77,2,84,21,35,178
392209,2,52,3,48,7,79,12,43,100
392210,1,57,0,79,1,93,33,40,211
392210,2,29,4,67,2,53,15,59,133
392211,1,54,0,49,2,69,18,44,154
392211,2,57,0,57,1,76,19,41,157
392212,1,37,2,62,2,63,14,44,145
392212,2,41,2,59,2,71,14,51,126
392213,1,29,3,47,3,49,9,59,105
392213,2,31,1,76,2,62,13,41,107
392214,1,57,1,88,1,80,28,37,185
392214,2,53,1,95,2,90,20,26,174
392215,1,30,3,44,1,43,10,56,116
392215,2,36,0,38,2,52,13,48,118
392216,1,52,1,48,3,72,18,47,168
392216,2,45,2,74,3,86,17,31,169
392217,1,34,1,65,3,61,16,49,140
392217,2,37,2,60,0,67,18,50,141
392218,1,46,1,58,1,67,14,40,157
392218,2,39,2,61,4,58,12,46,141
392219,1,37,3,40,3,52,11,57,123
392219,2,47,0,53,3,72,14,40,125
392220,1,42,2,66,2,77,16,36,166
392220,2,30,2,65,4,59,11,51,113
392221,1,38,2,64,1,69,22,40,173
392221,2,46,0,73,3,70,22,42,176
392222,1,51,3,41,4,70,13,64,119
392222,2,42,2,71,0,74,16,47,122
392223,1,56,1,53,3,81,22,45,173
392223,2,50,2,84,1,83,20,44,161
392224,1,52,2,53,2,72,15,48,129
392224,2,33,3,58,1,57,15,51,132
392225,1,42,0,81,2,66,19,48,145
392225,2,26,3,72,2,54,12,44,143
392226,1,38,2,59,2,52,7,53,120
392226,2,37,3,49,0,50,16,63,123
392227,1,49,2,47,1,70,15,43,147
392227,2,35,2,67,1,56,14,45,151
392228,1,31,1,58,1,50,17,45,160
392228,2,50,0,55,2,71,20,43,166
392229,1,39,3,55,1,55,13,48,134
392229,2,46,2,40,3,65,16,62,133
392230,1,35,2,60,0,60,13,37,150
392230,2,24,2,69,3,60,14,52,136
392231,1,54,0,69,2,83,22,35,188
392231,2,56,1,75,1,83,25,41,189
392232,1,37,3,52,2,63,9,36,134
392232,2,27,1,75,2,54,13,41,135
392233,1,46,4,33,3,61,10,65,101
392233,2,29,3,36,3,38,11,62,102
392234,1,50,1,46,5,70,13,53,116
392234,2,29,1,30,3,42,6,60,92
392235,1,30,3,79,2,72,20,45,165
392235,2,60,1,86,3,93,23,36,166
392236,1,33,1,83,2,64,20,45,170
392236,2,64,0,55,3,85,15,37,158
392237,1,49,2,60,1,83,17,46,153
392237,2,84,1,62,3,102,21,41,154
392238,1,52,0,55,3,74,15,40,146
392238,2,59,2,51,1,82,20,46,149
392239,1,31,2,70,1,62,13,47,143
392239,2,36,1,67,5,69,15,53,137
419106,1,38,4,54,0,57,19,50,161
419106,2,62,1,60,3,88,15,45,150
419107,1,69,1,90,2,101,29,33,212
419107,2,39,2,104,2,69,29,35,208
419108,1,44,3,69,3,76,16,52,142
419108,2,39,2,66,2,61,17,44,146
419109,1,24,3,65,2,57,15,44,135
419109,2,61,0,55,2,85,17,50,136
419110,1,57,2,70,0,80,26,42,190
419110,2,34,4,74,2,70,17,44,159
419111,1,47,3,44,1,57,18,54,141
419111,2,60,2,71,2,99,17,34,142
419112,1,50,0,83,1,87,27,36,203
419112,2,61,0,88,2,89,28,36,204
419113,1,31,1,65,2,59,20,40,164
419113,2,45,3,45,6,67,14,57,109
419114,1,67,1,98,2,112,28,30,218
419114,2,56,1,63,7,84,16,42,120
419115,1,31,1,47,3,45,7,64,92
419115,2,59,0,34,0,90,15,27,93
419116,1,52,1,87,3,89,26,34,185
419116,2,56,1,97,2,102,28,41,190
419117,1,56,2,69,3,100,20,35,170
419117,2,27,3,71,3,57,23,50,164
419118,1,56,2,68,2,92,22,34,168
419118,2,38,1,61,2,65,14,42,134
419119,1,45,2,57,4,74,18,48,151
419119,2,55,0,62,2,85,20,39,155
419120,1,47,2,68,2,77,24,46,171
419120,2,48,1,68,3,85,19,38,161
419121,1,38,1,60,3,59,17,50,136
419121,2,42,0,67,4,73,14,50,136
419122,1,41,0,61,1,67,17,38,155
419122,2,57,0,65,2,76,22,37,156
419123,1,38,1,66,2,67,22,46,171
419123,2,29,1,66,4,61,17,54,135
419124,1,53,1,80,2,87,24,35,183
419124,2,76,1,51,5,102,17,38,152
419125,1,51,2,75,0,85,21,30,180
419125,2,63,0,70,3,98,22,35,181
419126,1,55,2,53,4,79,14,40,148
419126,2,54,0,85,2,95,20,35,151
419127,1,50,2,76,1,75,23,40,183
419127,2,42,2,60,3,74,16,45,144
419128,1,64,2,64,1,95,20,31,183
419128,2,46,0,75,5,78,18,31,166
419129,1,58,1,71,2,96,22,36,177
419129,2,58,1,61,2,80,17,36,160
419130,1,52,1,48,5,78,27,50,172
419130,2,50,4,72,3,78,15,47,131
419131,1,62,3,73,0,91,22,34,177
419131,2,36,3,62,2,55,14,44,137
419132,1,48,2,70,2,85,15,37,163
419132,2,45,1,73,2,82,18,40,164
419133,1,52,1,65,1,80,21,41,161
419133,2,56,0,69,2,89,17,35,162
419134,1,52,3,68,1,79,23,33,188
419134,2,39,4,68,4,69,15,52,121
419135,1,46,2,70,1,80,24,43,181
419135,2,59,1,66,2,87,20,41,157
419136,1,41,1,78,2,74,23,36,181
419136,2,51,1,71,1,77,21,25,184
419137,1,66,1,104,1,91,36,33,246
419137,2,62,0,113,2,105,33,36,223
419138,1,53,0,61,3,70,21,35,178
419138,2,40,2,58,4,68,9,43,115
419139,1,53,0,96,1,69,26,36,200
419139,2,69,1,87,1,107,29,18,204
419140,1,54,2,71,3,89,25,45,184
419140,2,38,1,73,3,56,15,40,147
419141,1,48,2,80,2,82,18,45,159
419141,2,52,2,66,2,86,20,49,157
419142,1,42,1,82,3,85,16,35,165
419142,2,46,0,46,7,67,14,47,141
419143,1,52,1,74,3,86,17,39,153
419143,2,70,0,87,1,111,25,30,157
419144,1,50,0,76,3,88,23,38,181
419144,2,44,1,91,3,91,20,35,167
419145,1,46,1,61,3,68,23,46,184
419145,2,32,1,93,2,80,25,34,186
419146,1,51,2,58,3,74,17,33,154
419146,2,56,1,60,1,87,23,42,158
419147,1,55,1,55,3,74,12,41,138
419147,2,37,2,65,1,56,14,50,139
419148,1,61,1,63,3,83,21,52,160
419148,2,48,1,72,2,76,20,31,162
419149,1,45,3,36,4,63,8,58,111
419149,2,39,0,49,2,59,13,45,112
419150,1,47,3,59,1,73,23,38,174
419150,2,34,3,55,4,60,12,46,137
419151,1,35,3,76,1,71,16,46,151
419151,2,38,1,64,3,72,12,44,138
419152,1,44,1,64,2,66,21,35,183
419152,2,69,1,39,5,87,13,30,144
419153,1,22,4,71,1,51,14,56,139
419153,2,67,1,76,0,103,20,27,143
419154,1,30,3,57,3,53,15,56,130
419154,2,59,2,65,3,91,22,43,132
419155,1,39,3,35,4,55,11,62,112
419155,2,33,3,47,1,56,8,49,113
419156,1,43,1,55,1,72,27,48,174
419156,2,45,1,86,3,82,24,39,178
419157,1,34,1,104,1,75,24,40,191
419157,2,34,2,64,4,64,13,39,134
419158,1,46,0,55,5,73,16,48,132
419158,2,42,2,76,0,69,20,40,133
419159,1,49,1,82,2,86,27,36,192
419159,2,49,2,81,1,94,29,36,195
419160,1,38,2,79,3,79,18,47,145
419160,2,39,3,47,3,59,14,46,134
419161,1,42,2,44,2,69,14,44,133
419161,2,44,0,63,1,72,16,42,135
419162,1,54,2,53,2,81,21,40,184
419162,2,44,1,74,6,83,15,43,149
419163,1,39,3,57,2,62,15,44,142
419163,2,23,2,58,3,43,11,64,104
419164,1,27,3,51,2,43,10,68,82
419164,2,33,0,53,1,53,11,37,86
419165,1,40,0,68,3,58,19,44,168
419165,2,33,1,68,4,58,17,48,146
501198,1,45,1,62,1,78,18,35,153
501198,2,52,0,59,2,76,17,40,151
501199,1,44,2,46,3,69,15,50,137
501199,2,31,1,62,1,60,18,45,141
501200,1,61,0,63,2,82,18,39,161
501200,2,48,2,70,1,85,19,41,162
501201,1,38,3,49,3,53,11,55,95
501201,2,31,1,54,1,48,9,43,99
501202,1,36,5,32,1,46,13,64,112
501202,2,44,1,69,2,74,18,36,113
501203,1,46,0,72,2,65,23,45,163
501203,2,30,2,71,3,62,18,40,154
501204,1,30,2,59,2,43,20,56,151
501204,2,57,1,64,2,86,19,44,152
501205,1,24,2,67,0,50,15,40,140
501205,2,40,1,76,0,78,20,40,143
501206,1,31,2,95,1,67,24,38,188
501206,2,65,1,73,3,99,29,26,193
501207,1,37,4,74,0,65,17,53,148
501207,2,44,1,71,4,61,17,45,151
501208,1,41,1,73,2,73,23,39,175
501208,2,28,3,64,2,53,15,49,142
501209,1,31,1,71,2,67,15,39,159
501209,2,62,1,68,0,90,21,33,160
501210,1,44,0,81,1,71,23,38,182
501210,2,50,0,84,1,84,27,38,184
501211,1,45,0,81,2,80,25,32,183
501211,2,33,3,79,2,67,18,40,162
501212,1,48,1,65,3,81,20,34,165
501212,2,62,0,77,1,104,23,40,166
501213,1,63,1,65,3,98,24,46,187
501213,2,67,0,61,5,98,25,39,190
501214,1,36,2,44,7,61,7,41,81
501214,2,26,1,59,1,45,8,38,85
501215,1,42,1,67,2,72,18,39,131
501215,2,49,1,86,2,90,19,35,135
501216,1,43,1,86,2,90,23,37,168
501216,2,38,3,69,2,78,17,47,152
501218,1,33,4,67,3,60,15,51,118
501218,2,32,1,57,2,63,11,44,124
501219,1,45,0,55,5,55,16,52,132
501219,2,37,3,49,2,59,10,48,126
501220,1,77,1,92,1,106,26,42,195
501220,2,45,2,68,3,61,18,44,147
501221,1,40,2,67,1,67,21,49,164
501221,2,44,2,75,2,84,19,46,156
501222,1,50,1,64,1,76,19,39,171
501222,2,57,0,95,1,92,27,38,175
501223,1,70,0,103,2,115,32,32,231
501223,2,46,1,101,2,96,32,46,202
501224,1,57,1,45,3,72,23,38,172
501224,2,41,2,59,4,72,15,47,135
501225,1,32,2,56,1,54,8,50,109
501225,2,38,0,73,2,68,15,33,111
501226,1,45,0,54,2,66,14,44,142
501226,2,40,4,53,1,58,8,50,117
501227,1,42,1,73,2,69,18,43,160
501227,2,65,1,52,4,97,22,44,161
501228,1,37,3,54,2,54,17,56,141
501228,2,28,1,76,1,65,14,39,145
501229,1,20,3,70,0,37,14,52,129
501229,2,29,6,44,1,45,9,58,74
501230,1,42,1,63,4,64,16,44,148
501230,2,41,1,45,5,60,14,53,131
501231,1,31,2,36,2,50,6,57,94
501231,2,18,1,55,1,46,9,60,95
501232,1,57,0,61,2,78,23,40,181
501232,2,42,1,66,2,63,17,41,155
501233,1,34,2,60,2,46,19,53,157
501233,2,37,3,55,2,51,12,46,119
501234,1,40,2,46,3,55,12,55,119
501234,2,45,2,57,0,71,14,43,120
501235,1,49,1,53,3,77,17,44,143
501235,2,34,1,58,3,59,15,45,144
501236,1,34,1,62,1,58,19,40,165
501236,2,64,0,54,3,88,15,45,146
501237,1,35,1,79,1,67,21,40,159
501237,2,24,1,77,3,62,14,38,136
501238,1,42,2,56,2,62,18,47,140
501238,2,67,1,74,2,89,20,35,141
501239,1,41,1,69,2,73,19,40,169
501239,2,41,2,67,2,68,14,35,149
501240,1,47,0,66,3,86,18,44,147
501240,2,43,1,75,0,73,14,31,149
501241,1,49,1,48,3,65,19,46,160
501241,2,31,2,59,2,48,15,55,139
501242,1,35,2,63,2,69,17,39,156
501242,2,43,0,57,3,69,17,48,139
501243,1,43,1,82,2,67,22,37,175
501243,2,29,3,120,1,85,24,40,179
501244,1,48,1,107,2,103,34,45,205
501244,2,38,4,51,3,62,12,47,120
501245,1,15,2,62,1,40,8,46,114
501245,2,33,2,28,0,61,7,26,61
501246,1,50,1,79,1,76,26,41,178
501246,2,23,4,76,1,56,21,52,146
501247,1,49,1,48,4,72,12,51,125
501247,2,79,1,49,0,109,20,33,128
501248,1,34,1,62,3,71,13,50,119
501248,2,40,1,74,2,69,16,49,120
501249,1,55,0,81,2,84,25,32,196
501249,2,48,2,66,3,70,12,44,133
501250,1,50,0,50,4,72,13,34,136
501250,2,52,0,60,3,82,22,56,137
501251,1,39,1,85,1,86,18,44,163
501251,2,33,3,54,7,63,12,38,87
501252,1,43,0,69,3,74,15,46,146
501252,2,66,0,60,1,90,23,35,151
501253,1,42,2,63,1,67,23,39,176
501253,2,52,1,55,2,65,17,46,158
501254,1,62,0,68,3,103,19,41,178
501254,2,49,2,96,2,84,27,43,181
501255,1,33,3,56,1,58,10,35,89
501255,2,65,2,40,4,89,15,31,105
501256,1,32,1,50,4,53,13,41,135
501256,2,26,3,50,1,49,12,60,125
501257,1,43,1,83,2,70,26,52,170
501257,2,42,0,55,5,67,19,62,141
501258,1,32,3,55,5,69,13,68,97
501258,2,87,2,11,0,98,16,18,98
501259,1,39,2,53,5,62,17,60,136
501259,2,57,0,51,2,78,14,46,138
501260,1,30,1,143,0,99,32,39,232
501260,2,34,3,63,5,69,16,51,121
501261,1,41,2,60,2,64,16,38,152
501261,2,40,1,50,2,63,13,40,141
501262,1,29,2,52,3,54,11,54,118
501262,2,44,1,70,1,74,14,44,119
501263,1,26,2,68,1,55,14,44,133
501263,2,52,0,82,0,97,21,26,134
501264,1,58,0,89,1,85,23,26,198
501264,2,45,2,54,3,77,16,62,116
501265,1,33,2,23,1,55,5,29,56
501266,1,23,4,56,1,36,14,61,128
501266,2,44,1,60,1,80,16,48,129
501267,1,46,2,75,1,81,23,35,175
501267,2,54,1,56,3,84,23,37,178
501268,1,44,1,78,2,73,20,40,175
501268,2,25,2,85,1,62,24,45,177
501269,1,25,4,77,1,49,18,45,147
501269,2,62,0,58,4,87,21,47,148
501270,1,68,0,82,2,111,21,36,185
501270,2,52,2,51,5,80,17,47,142
501271,1,56,0,105,1,94,20,30,205
501271,2,47,2,60,5,69,15,42,147
548306,1,42,2,53,3,75,7,46,112
548306,2,53,0,47,3,76,14,43,115
548307,1,46,4,51,5,85,11,27,97
548307,2,48,0,52,2,87,12,17,100
548308,1,30,3,61,1,51,12,45,129
548308,2,27,3,47,2,48,10,61,101
548309,1,57,0,70,2,82,26,35,191
548309,2,45,2,72,3,73,18,36,160
548310,1,46,2,62,4,69,19,42,157
548310,2,46,1,45,4,68,15,45,137
548311,1,44,2,77,3,75,22,38,193
548311,2,45,1,56,7,73,15,43,119
548312,1,37,1,79,2,68,19,42,164
548312,2,27,4,67,3,65,15,47,142
548313,1,38,2,75,1,71,18,42,166
548313,2,19,2,80,3,53,15,45,144
548314,1,45,2,51,2,61,14,48,138
548314,2,29,2,56,1,49,16,46,142
548315,1,60,0,68,3,92,21,43,165
548315,2,20,3,61,4,43,11,49,123
548316,1,41,2,39,3,66,10,58,110
548316,2,50,2,61,0,79,14,25,111
548317,1,54,1,83,2,80,26,33,197
548317,2,44,2,92,3,79,22,48,170
548318,1,56,1,93,0,96,26,38,205
548318,2,52,0,79,3,85,26,33,208
548319,1,29,3,67,2,62,12,54,115
548319,2,38,1,50,2,60,15,48,116
548320,1,45,0,40,3,58,15,52,131
548320,2,36,1,59,2,68,14,46,137
548321,1,50,1,70,3,84,18,39,157
548321,2,34,3,81,2,71,21,45,162
548322,1,43,0,71,3,71,17,36,155
548322,2,56,1,50,2,72,17,34,156
548323,1,26,2,61,2,60,12,45,134
548323,2,48,2,46,4,70,12,40,132
548324,1,43,0,70,1,61,29,39,195
548324,2,54,2,51,4,76,15,50,136
548325,1,23,2,56,5,43,11,65,92
548325,2,41,1,52,2,58,8,40,93
548326,1,57,0,62,2,83,25,35,196
548326,2,62,1,72,2,89,28,29,197
548327,1,58,0,76,3,96,22,30,182
548327,2,42,2,75,1,63,22,38,186
548328,1,45,1,44,3,63,10,39,124
548328,2,53,1,54,1,75,15,36,127
548329,1,33,2,94,0,64,30,42,187
548329,2,64,1,103,0,112,25,33,193
548330,1,42,0,73,0,68,20,41,164
548330,2,53,2,54,3,65,13,41,151
548331,1,41,2,64,3,70,16,33,163
548331,2,36,3,80,0,72,20,40,166
548332,1,41,1,66,1,62,17,55,146
548332,2,45,0,59,1,70,14,32,147
548333,1,52,1,73,1,88,26,38,192
548333,2,49,1,82,4,92,21,37,172
548334,1,39,0,90,2,58,20,38,163
548334,2,48,0,71,2,75,19,35,164
548335,1,39,1,59,2,67,11,41,126
548335,2,42,1,55,3,65,13,45,127
548336,1,37,1,70,2,62,23,40,189
548336,2,48,0,55,5,67,16,46,143
548337,1,28,2,67,0,50,16,40,146
548337,2,61,1,73,1,99,19,25,148
548339,1,44,1,56,2,56,19,43,168
548339,2,40,0,66,4,64,19,34,171
548341,1,50,2,72,1,71,19,30,177
548341,2,44,2,57,3,73,18,44,159
548342,1,54,0,99,1,88,31,39,207
548342,2,49,3,90,1,88,23,40,170
548343,1,43,0,78,2,77,18,43,156
548343,2,48,1,51,5,69,16,45,149
548344,1,46,0,88,1,87,27,40,190
548344,2,35,3,52,1,56,19,54,143
548345,1,42,2,63,2,73,18,43,152
548345,2,40,0,68,1,67,18,37,151
548346,1,38,1,44,5,51,10,58,100
548346,2,31,2,46,2,52,8,54,101
548347,1,43,2,55,2,74,10,38,139
548347,2,37,1,66,1,68,12,35,140
548348,1,33,2,77,0,58,22,30,186
548348,2,48,1,68,2,75,21,40,173
548349,1,56,0,48,5,80,17,41,141
548349,2,61,1,73,3,96,21,30,144
548350,1,33,1,89,0,59,19,44,158
548350,2,53,1,79,1,80,20,41,163
548351,1,42,0,50,5,72,12,50,120
548351,2,37,1,39,3,47,13,55,119
548352,1,56,1,68,3,82,13,36,160
548352,2,47,1,55,2,76,17,37,150
548353,1,68,0,53,2,98,13,43,150
548353,2,45,2,64,3,66,15,43,143
548354,1,64,1,62,2,94,24,42,177
548354,2,33,2,64,3,65,16,53,134
548355,1,52,1,71,2,72,21,42,173
548355,2,46,1,85,0,74,26,42,174
548356,1,46,0,71,1,74,24,39,181
548356,2,46,0,67,3,83,26,37,185
548357,1,50,2,58,2,79,17,45,153
548357,2,60,0,68,1,80,15,35,154
548358,1,35,1,56,3,56,7,38,125
548358,2,49,2,63,1,79,17,35,126
548359,1,51,0,78,3,86,22,41,170
548359,2,40,2,59,3,70,14,44,145
548360,1,25,2,70,2,48,15,48,141
548360,2,35,0,76,1,54,17,41,142
548361,1,28,2,61,2,61,14,54,126
548361,2,36,2,41,2,53,16,56,127
548362,1,66,0,63,2,88,22,44,173
548362,2,50,3,55,3,80,16,45,138
548363,1,49,1,83,0,76,26,39,182
548363,2,32,2,74,1,61,18,35,155
548364,1,27,4,51,1,52,7,48,114
548364,2,45,0,67,1,75,15,42,115
548365,1,45,1,81,1,77,22,42,170
548365,2,33,4,64,2,60,12,43,125
548366,1,47,1,79,1,76,21,29,190
548366,2,44,2,86,2,76,27,38,194
548367,1,40,2,67,2,69,20,48,171
548367,2,32,3,74,2,56,23,42,173
548368,1,50,0,62,3,86,20,39,158
548368,2,51,0,64,3,96,20,44,160
548369,1,47,2,52,4,64,20,53,136
548369,2,37,4,66,1,55,21,47,140
548370,1,32,2,62,3,54,15,47,140
548370,2,26,1,54,2,59,12,59,108
548371,1,25,2,52,2,45,15,63,120
548371,2,43,0,71,3,65,20,46,123
548372,1,42,1,95,0,79,32,39,215
548372,2,51,2,98,2,96,26,34,194
548373,1,41,1,52,3,61,12,47,126
548373,2,58,0,41,3,69,13,48,128
548374,1,20,4,64,1,50,20,58,141
548374,2,44,0,74,3,87,22,60,145
548375,1,27,1,74,1,45,14,45,136
548375,2,40,1,42,3,61,3,47,102
548376,1,23,3,52,1,47,12,49,132
548376,2,40,2,49,2,57,13,58,123
548377,1,31,2,75,2,74,19,50,162
548377,2,44,0,96,0,79,19,35,163
548378,1,48,1,51,2,68,20,40,162
548378,2,49,2,60,2,83,17,46,144
548379,1,30,2,84,2,61,29,43,187
548379,2,54,1,58,6,77,19,48,149
548380,1,52,0,110,2,83,33,29,222
548380,2,46,2,82,5,89,14,36,136
548381,1,54,0,82,1,86,21,31,190
548381,2,56,1,85,1,100,24,29,192
597998,1,45,2,51,3,68,16,53,128
597998,2,46,1,54,3,75,16,45,129
597999,1,31,2,69,3,59,24,60,156
597999,2,38,0,58,3,62,16,39,154
598000,1,38,1,49,3,60,13,46,126
598000,2,27,0,51,4,48,8,54,104
598001,1,45,1,82,1,73,19,37,165
598001,2,39,1,81,1,73,16,36,160
598002,1,41,2,55,4,72,17,49,148
598002,2,36,2,57,3,58,15,54,139
598003,1,24,2,40,4,38,11,61,99
598003,2,56,1,44,1,84,15,29,100
598004,1,40,2,54,2,55,12,50,130
598004,2,37,2,54,2,56,8,37,130
598005,1,35,1,65,2,63,19,47,144
598005,2,40,2,59,5,55,12,55,125
598006,1,38,2,100,1,80,31,35,209
598006,2,46,2,80,3,84,20,40,165
598007,1,43,2,73,2,72,16,45,138
598007,2,38,0,65,0,65,17,34,139
598008,1,44,1,69,2,72,19,43,154
598008,2,43,1,74,1,80,23,53,158
598009,1,44,1,58,3,72,18,41,145
598009,2,64,1,53,1,87,19,47,148
598010,1,29,3,43,2,46,10,54,114
598010,2,38,1,38,4,51,14,56,115
598011,1,48,0,67,2,72,25,41,183
598011,2,40,4,78,2,72,16,49,142
598012,1,33,1,82,1,64,17,42,165
598012,2,31,2,70,2,64,17,39,166
598013,1,48,0,61,2,76,26,39,180
598013,2,39,0,65,3,68,10,35,132
598014,1,34,3,54,3,57,14,52,124
598014,2,48,1,46,3,68,17,53,126
598015,1,48,0,58,2,78,21,41,159
598015,2,38,2,61,3,63,13,44,135
598016,1,35,1,64,5,70,19,39,157
598016,2,45,2,71,2,82,19,46,153
598017,1,43,1,51,3,67,19,46,152
598017,2,48,2,78,0,84,17,46,152
598018,1,25,4,50,3,42,11,50,119
598018,2,41,2,46,2,65,12,54,108
598019,1,58,0,67,2,88,22,38,179
598019,2,26,2,45,5,42,8,53,92
598020,1,39,1,77,1,60,22,38,169
598020,2,32,4,48,3,58,6,53,83
598021,1,36,1,56,3,55,13,55,123
598021,2,33,1,54,2,56,13,44,127
598022,1,47,1,42,5,65,14,57,119
598022,2,27,1,43,3,48,13,44,124
598023,1,31,2,70,2,66,16,59,117
598023,2,48,0,50,3,67,14,48,123
598024,1,24,2,83,0,57,19,41,161
598024,2,60,0,84,0,102,25,26,165
598025,1,48,0,76,1,77,26,41,185
598025,2,55,2,74,1,83,21,28,186
598026,1,55,0,76,3,88,19,30,185
598026,2,58,1,82,1,92,22,21,186
598027,1,62,0,134,1,128,42,37,263
598027,2,43,4,68,1,76,18,55,133
598028,1,53,0,50,2,76,25,46,171
598028,2,21,3,79,1,57,22,51,164
598029,1,61,1,51,2,81,20,45,159
598029,2,42,1,74,2,79,17,38,162
598030,1,40,3,56,1,62,21,48,159
598030,2,58,0,56,3,76,21,49,160
598031,1,45,0,66,4,72,19,43,149
598031,2,45,2,73,1,75,21,48,150
598032,1,29,5,63,2,64,18,56,144
598032,2,30,1,79,1,53,23,43,146
598033,1,52,1,91,2,97,26,37,194
598033,2,35,1,59,6,66,15,55,136
598034,1,67,0,84,1,103,26,27,200
598034,2,63,2,63,1,85,25,38,186
598035,1,37,1,64,3,68,20,51,164
598035,2,43,0,67,2,75,19,48,149
598036,1,55,1,61,2,75,20,40,171
598036,2,45,1,75,2,80,21,36,173
598037,1,36,1,66,2,59,23,44,174
598037,2,55,2,63,5,80,20,47,170
598038,1,29,2,73,0,55,18,33,164
598038,2,46,4,47,3,68,13,55,127
598039,1,41,2,48,2,60,14,52,129
598039,2,36,1,70,1,61,16,42,130
598040,1,37,3,46,2,50,18,60,136
598040,2,34,2,66,0,56,17,42,137
598041,1,36,1,80,2,69,22,32,186
598041,2,36,2,86,1,65,23,34,171
598042,1,30,0,89,2,75,23,36,187
598042,2,39,1,83,3,77,20,43,170
598043,1,34,2,68,2,71,13,43,132
598043,2,48,1,66,1,82,15,40,133
598044,1,26,1,44,5,43,5,66,80
598044,2,41,2,40,2,55,9,39,81
598045,1,31,1,80,0,52,24,49,174
598045,2,46,1,94,0,79,26,32,176
598046,1,32,0,50,4,47,17,57,139
598046,2,32,4,46,5,48,7,51,79
598047,1,61,0,64,2,92,25,50,178
598047,2,53,0,75,2,84,25,36,182
598048,1,40,1,58,2,62,17,39,161
598048,2,47,1,70,2,69,24,42,162
598049,1,42,2,59,2,55,21,49,154
598049,2,49,0,77,1,77,17,29,155
598050,1,41,0,65,2,69,24,47,170
598050,2,38,1,54,6,62,12,55,105
598051,1,50,1,86,0,91,31,33,223
598051,2,49,2,60,4,75,17,48,146
598052,1,37,1,70,2,74,14,40,145
598052,2,38,1,67,1,73,17,39,147
598053,1,50,1,46,3,66,17,43,152
598053,2,34,2,46,3,49,8,50,106
598054,1,40,2,59,1,74,25,38,183
598054,2,49,2,74,2,88,26,42,179
598055,1,36,2,52,3,58,8,48,112
598055,2,37,2,46,1,50,14,52,116
598056,1,37,2,61,4,56,19,48,150
598056,2,41,1,52,3,54,13,60,120
598057,1,22,1,62,2,54,7,44,115
598057,2,31,2,54,1,61,14,58,116
598058,1,37,0,63,3,75,16,49,141
598058,2,24,3,106,1,49,20,47,144
598059,1,40,2,50,4,54,12,49,120
598059,2,56,3,45,1,77,16,42,121
598060,1,52,1,79,1,87,23,35,178
598060,2,39,1,74,3,73,24,39,184
598061,1,42,1,70,1,72,20,40,170
598061,2,33,3,89,0,74,19,43,163
598062,1,47,0,62,3,71,16,37,168
598062,2,49,2,54,4,65,12,49,135
598063,1,49,1,83,2,81,21,43,166
598063,2,29,4,77,2,60,19,54,152
598064,1,58,0,75,1,88,27,41,190
598064,2,41,2,97,2,68,26,31,194
598065,1,21,3,69,1,48,9,39,136
598065,2,33,0,40,5,44,11,58,113
598066,1,35,2,96,0,80,29,43,183
598066,2,51,2,56,3,69,15,50,133
598067,1,40,1,67,3,74,22,41,172
598067,2,47,2,57,3,65,14,52,134
598068,1,76,1,30,1,106,18,15,106
598068,2,56,3,26,3,82,11,15,82
598069,1,33,1,56,2,56,12,52,130
598069,2,45,0,61,3,77,15,46,132
598070,1,47,0,78,1,69,24,24,192
598070,2,56,1,71,4,92,17,43,144
598071,1,27,2,50,1,48,15,53,132
598071,2,44,1,55,4,57,18,57,135
598072,1,42,0,62,4,65,23,45,165
598072,2,45,0,81,2,73,21,42,169
598073,1,34,3,66,1,58,21,49,148
598073,2,35,4,48,4,54,14,62,125
729279,1,31,1,79,0,63,19,42,163
729279,2,32,1,63,1,54,9,52,122
729281,1,30,3,52,1,49,13,43,145
729281,2,50,1,74,1,69,20,41,146
729283,1,70,0,75,1,102,25,34,205
729283,2,64,3,92,0,93,31,30,206
729285,1,41,1,49,2,69,8,38,133
729285,2,30,2,72,1,61,15,45,135
729287,1,49,1,43,3,63,8,48,115
729287,2,30,3,62,0,50,13,42,116
729289,1,31,2,81,1,63,18,35,166
729289,2,49,2,74,2,84,19,40,167
729291,1,54,1,89,2,85,27,46,191
729291,2,39,2,93,1,69,23,29,193
729293,1,34,1,77,2,65,19,33,177
729293,2,24,3,58,5,53,7,46,84
729295,1,43,0,109,2,77,27,46,193
729295,2,45,3,54,4,74,10,47,121
729297,1,51,1,50,5,71,13,48,140
729297,2,38,2,49,6,56,13,53,133
729299,1,42,2,64,2,82,13,38,150
729299,2,49,0,67,2,77,19,49,148
729301,1,55,0,63,1,81,24,37,184
729301,2,44,0,75,2,86,24,35,180
729303,1,31,2,77,0,57,16,42,141
729303,2,51,0,56,2,76,16,46,142
729305,1,22,5,48,5,45,7,50,70
729305,2,36,2,35,2,48,8,47,71
729307,1,51,2,60,4,76,14,48,132
729307,2,24,3,51,4,43,11,52,109
729309,1,37,2,32,3,49,13,53,125
729309,2,31,0,72,2,55,12,45,126
729311,1,37,2,61,2,65,13,37,145
729311,2,47,0,77,2,75,17,44,146
729313,1,44,4,54,3,69,12,55,124
729313,2,33,2,68,3,63,13,47,127
729315,1,45,1,61,1,63,18,45,152
729315,2,33,1,68,3,59,14,40,152
729317,1,44,2,73,0,71,16,33,172
729317,2,32,3,74,0,60,20,50,157
733971,1,43,1,83,2,85,19,33,148
733971,2,39,4,52,3,66,13,47,114
733973,1,36,2,90,1,70,22,45,168
733973,2,49,2,69,1,70,24,47,170
733975,1,46,1,48,2,71,18,37,152
733975,2,38,1,77,2,71,19,40,156
733977,1,47,2,59,1,72,18,46,155
733977,2,36,2,61,3,59,22,58,158
733979,1,50,0,66,2,76,18,37,170
733979,2,50,0,72,3,80,17,35,160
733981,1,46,2,76,3,75,24,45,178
733981,2,49,0,78,1,69,26,47,181
733983,1,50,1,69,3,85,22,41,187
733983,2,64,1,61,3,98,23,48,168
733985,1,29,2,74,2,66,19,40,160
733985,2,52,0,76,1,90,17,25,161
733987,1,38,2,115,0,69,37,36,231
733987,2,46,1,73,3,85,23,30,187
733989,1,50,1,52,4,74,15,43,134
733989,2,37,3,44,2,60,7,56,102
733991,1,64,1,76,3,107,26,40,198
733991,2,34,3,75,3,52,22,52,166
733993,1,52,1,69,2,75,15,43,143
733995,1,42,1,57,1,57,18,48,157
733995,2,38,1,74,1,75,19,42,160
733997,1,49,2,67,2,85,19,42,149
733997,2,55,0,68,1,89,19,34,150
733999,1,31,1,75,2,57,27,46,190
733999,2,45,0,77,5,68,27,35,191
734001,1,43,1,60,1,70,21,49,157
734001,2,38,1,87,0,75,21,41,160
734003,1,42,0,72,4,84,17,53,148
734003,2,48,2,58,2,76,14,37,149
734005,1,34,1,74,3,60,23,45,186
734005,2,46,2,73,3,76,19,37,170
734007,1,55,0,72,2,72,26,41,205
734007,2,86,1,83,3,131,31,31,211
734009,1,37,2,62,1,62,15,51,141
734009,2,45,0,55,2,68,17,40,142
734011,1,52,1,89,1,86,25,34,201
734011,2,34,2,59,6,62,15,43,139
734013,1,39,2,68,1,55,14,43,138
734013,2,17,1,69,1,45,16,55,142
734015,1,41,2,68,3,77,17,52,142
734015,2,30,1,73,1,60,18,41,146
734017,1,42,0,80,2,76,21,38,178
734017,2,47,3,49,4,69,15,50,153
734019,1,55,1,66,1,84,21,43,164
734019,2,66,0,61,5,95,19,47,165
734021,1,25,2,80,1,48,19,43,160
734021,2,51,0,65,1,72,19,43,161
734023,1,35,1,71,1,59,17,44,154
734023,2,52,0,67,2,88,22,32,156
734025,1,48,1,59,4,90,19,54,156
734025,2,62,0,71,2,96,19,38,159
734027,1,45,2,96,1,86,27,39,195
734027,2,36,1,70,2,72,18,37,165
734029,1,60,1,57,2,81,25,41,185
734029,2,64,0,84,1,100,24,33,189
734031,1,65,0,84,4,100,23,31,173
734031,2,47,1,58,2,62,19,41,158
734033,1,53,1,67,3,83,22,38,179
734033,2,44,1,48,4,64,17,43,163
734035,1,34,3,67,1,56,16,43,154
734035,2,64,1,47,1,87,20,30,160
734037,1,49,1,72,3,78,24,59,160
734037,2,49,1,112,5,78,25,33,161
734039,1,44,3,59,3,69,15,51,115
734039,2,48,2,71,1,78,14,35,119
734041,1,35,1,99,1,59,26,40,189
734041,2,71,3,124,2,120,31,22,195
734043,1,55,1,57,4,73,23,45,163
734043,2,46,2,46,4,68,13,52,135
734045,1,53,0,74,2,82,23,41,173
734045,2,60,0,72,3,89,23,35,176
734047,1,70,0,97,2,109,32,33,226
734047,2,100,2,55,4,122,27,37,202
734049,1,32,2,99,0,58,27,40,199
734049,2,59,1,92,2,89,26,36,200
829705,1,37,3,64,0,57,25,47,168
829705,2,38,1,91,2,85,22,38,170
829707,1,59,2,57,2,82,16,48,150
829707,2,40,3,62,2,67,17,43,149
829709,1,35,3,75,2,73,17,49,162
829709,2,51,3,53,2,66,17,59,136
829711,1,49,0,94,2,89,30,46,209
829711,2,46,2,69,2,80,15,34,164
829713,1,53,0,69,2,77,26,37,177
829713,2,41,1,78,4,77,24,40,179
829715,1,51,1,68,1,84,22,37,184
829715,2,42,1,88,3,74,23,38,186
829717,1,57,0,70,3,87,25,37,177
829717,2,17,3,62,3,32,23,58,159
829719,1,47,1,67,3,77,22,51,166
829719,2,65,0,72,2,95,21,29,172
829721,1,31,2,52,2,45,25,58,164
829721,2,42,1,71,2,69,18,35,165
829723,1,69,4,52,1,88,24,52,165
829723,2,38,1,80,2,66,18,37,169
829725,1,41,1,74,2,73,17,42,165
829725,2,47,1,73,1,69,22,42,169
829727,1,35,3,55,1,55,15,60,127
829727,2,36,0,60,3,63,15,48,131
829729,1,31,3,101,2,62,24,46,183
829729,2,90,0,78,4,128,30,35,189
829731,1,40,1,81,1,80,18,39,167
829731,2,50,0,60,3,69,18,40,163
829733,1,48,3,64,2,77,17,46,155
829733,2,53,2,72,3,68,25,42,159
829735,1,39,2,67,2,68,21,49,156
829735,2,47,0,91,0,88,18,30,157
829737,1,48,1,85,1,83,33,48,209
829737,2,33,1,96,5,60,28,50,191
829739,1,34,2,69,3,69,18,51,146
829739,2,48,2,71,1,79,20,36,147
829741,1,43,0,93,2,90,24,36,191
829741,2,40,1,80,3,67,22,36,191
829743,1,43,0,90,1,80,22,38,176
829743,2,49,2,52,2,86,11,22,101
829745,1,45,1,89,3,81,27,51,181
829745,2,38,2,73,3,75,19,49,154
829747,1,45,1,92,0,65,24,39,190
829747,2,48,2,72,2,81,19,54,153
829749,1,48,2,52,3,73,13,43,130
829749,2,49,1,75,0,83,14,26,134
829751,1,46,1,66,3,72,19,42,157
829751,2,52,2,52,2,74,16,52,137
829753,1,54,1,84,1,97,26,44,192
829753,2,39,2,40,5,57,7,60,95
829757,1,38,2,47,5,54,9,54,95
829757,2,50,0,49,0,90,16,23,99
829759,1,56,2,48,1,76,20,42,150
829759,2,36,2,57,3,61,9,41,130
829761,1,50,1,59,3,72,22,45,171
829761,2,36,0,70,4,64,21,46,158
829763,1,52,2,78,2,83,30,42,200
829765,1,53,1,46,4,73,15,52,134
829765,2,54,2,36,2,70,15,50,132
829767,1,27,4,47,2,46,12,52,118
829767,2,41,0,78,1,75,15,26,119
829769,1,47,1,73,3,81,24,34,187
829769,2,55,1,72,2,87,20,32,179
829771,1,61,1,50,3,111,16,17,111
829771,2,62,2,53,1,115,15,14,115
829773,1,76,0,67,3,107,29,38,192
829773,2,54,2,76,3,87,21,34,170
829775,1,51,0,72,1,96,21,39,172
829775,2,45,2,68,1,73,13,36,149
829777,1,43,0,71,1,74,25,39,189
829777,2,55,2,65,2,67,21,51,175
829779,1,37,2,64,2,68,17,47,148
829779,2,42,3,58,2,71,16,56,124
829781,1,55,0,56,5,77,19,37,167
829781,2,33,3,55,4,63,14,49,132
829783,1,44,2,51,2,69,21,51,152
829783,2,41,4,58,0,61,16,41,153
829785,1,68,0,103,1,104,32,38,226
829785,2,34,5,54,5,63,11,44,88
829787,1,56,1,77,2,88,28,41,201
829787,2,36,2,90,3,68,28,41,194
829789,1,44,1,59,2,67,19,46,158
829789,2,61,0,40,3,84,18,39,159
829791,1,45,1,89,1,75,22,40,183
829791,2,57,1,79,4,74,28,40,184
829793,1,41,2,58,2,62,15,39,163
829793,2,49,1,55,3,65,23,48,157
829795,1,39,1,108,0,88,35,27,235
829795,2,45,1,90,2,83,26,36,196
829797,1,36,2,72,0,60,19,46,157
829797,2,40,1,53,4,63,14,40,145
829799,1,56,0,84,2,86,25,41,185
829799,2,47,1,57,5,70,23,43,180
829801,1,16,1,67,2,46,13,56,119
829801,2,28,2,69,1,66,18,43,120
829803,1,72,4,34,2,106,13,13,106
829803,2,61,2,23,4,84,8,15,84
829805,1,46,2,53,2,67,22,41,171
829805,2,50,2,72,2,74,22,42,166
829807,1,68,1,67,2,125,17,11,135
829809,1,41,3,45,3,56,15,54,130
829809,2,47,2,64,1,76,15,36,134
829811,1,66,0,80,4,107,26,33,199
829811,2,53,2,91,3,97,26,43,190
829813,1,54,0,87,4,91,23,31,187
829815,1,29,3,51,3,54,9,49,113
829815,2,38,0,76,1,73,16,32,114
829817,1,48,0,87,2,86,23,42,187
829817,2,54,2,67,4,86,18,33,162
829819,1,41,1,72,1,60,23,43,180
829819,2,40,2,52,5,68,11,51,109
829821,1,29,2,61,2,46,16,54,139
829821,2,34,1,57,2,62,12,39,140
829823,1,61,1,85,2,98,28,40,202
829823,2,31,1,81,3,67,22,50,161
980901,1,37,4,31,2,48,15,66,121
980901,2,57,0,69,1,79,16,38,126
980903,1,35,4,57,4,55,11,66,98
980903,2,47,0,52,1,69,15,42,99
980905,1,52,0,73,4,87,18,39,161
980905,2,57,2,77,2,98,24,31,162
980907,1,49,1,107,0,88,34,35,227
980907,2,56,1,83,4,92,24,47,182
980909,1,40,1,98,1,81,19,29,187
980909,2,53,1,86,2,87,26,38,188
980911,1,57,1,64,1,87,19,39,163
980911,2,62,0,70,2,93,20,35,164
980913,1,37,1,36,5,58,13,67,111
980913,2,28,1,85,1,68,15,31,113
980915,1,36,3,58,1,52,14,48,142
980915,2,36,0,76,2,72,18,36,146
980917,1,31,2,51,3,59,16,55,143
980917,2,42,1,57,3,74,17,47,147
980919,1,49,1,60,2,76,18,38,152
980919,2,50,0,62,3,71,19,36,153
980921,1,63,1,80,1,97,26,30,191
980921,2,51,2,95,0,93,26,32,192
980923,1,40,2,71,2,58,14,47,142
980923,2,33,1,75,2,66,16,35,145
980925,1,41,1,54,4,56,12,43,138
980925,2,65,0,52,3,93,18,30,141
980927,1,49,1,63,3,89,19,41,170
980927,2,51,1,77,2,81,24,36,171
980929,1,50,1,54,3,74,12,36,135
980929,2,63,0,74,0,96,14,21,137
980931,1,48,1,80,0,79,20,27,185
980931,2,36,3,79,1,73,20,34,172
980933,1,41,1,69,2,65,17,33,164
980933,2,52,1,62,3,78,19,40,154
980935,1,35,2,68,3,65,15,47,143
980935,2,65,0,54,3,90,18,39,146
980937,1,50,1,65,1,76,22,27,180
980937,2,72,1,64,1,95,20,31,182
980939,1,31,1,69,2,61,15,34,160
980939,2,59,2,55,2,78,19,40,162
980941,1,39,1,101,1,77,25,33,189
980941,2,40,2,81,1,75,16,33,164
980943,1,27,3,45,2,39,9,54,118
980943,2,46,1,48,2,88,13,31,94
980945,1,71,0,61,4,110,21,35,172
980945,2,22,3,94,1,51,20,39,171
980947,1,59,0,67,3,87,20,30,174
980947,2,64,1,62,3,85,27,37,178
980949,1,48,1,87,1,85,22,27,195
980949,2,72,0,75,2,112,25,30,196
980951,1,37,3,83,0,70,23,35,186
980951,2,43,2,84,3,88,17,31,159
980953,1,49,1,92,0,82,27,36,194
980953,2,45,1,87,3,83,20,30,179
980955,1,59,0,51,5,78,16,38,154
980955,2,36,2,51,5,57,13,48,131
980957,1,54,1,66,2,93,16,42,159
980957,2,47,1,68,1,76,20,33,161
980959,1,40,1,72,2,79,25,37,185
980959,2,37,2,86,2,69,22,34,189
980961,1,35,3,64,1,65,16,43,149
980961,2,61,0,60,2,93,20,32,150
980963,1,40,0,81,1,74,18,29,164
980963,2,37,3,80,1,64,18,46,157
980965,1,48,2,64,2,69,17,38,162
980965,2,50,0,66,2,74,17,30,166
980967,1,26,3,59,2,54,11,49,126
980967,2,38,2,53,2,57,15,49,129
980969,1,60,1,78,1,89,27,39,191
980969,2,46,0,96,2,81,25,28,195
980971,1,45,1,74,2,76,20,32,181
980971,2,51,0,81,2,91,18,34,172
980973,1,51,0,65,2,85,24,37,177
980973,2,32,5,53,4,54,11,51,92
980975,1,28,4,70,0,57,19,43,158
980975,2,46,1,89,2,89,26,44,164
980977,1,56,0,57,3,73,18,31,175
980977,2,50,1,73,2,83,21,28,174
980979,1,34,1,62,1,63,15,53,137
980979,2,25,2,61,3,52,14,44,133
980981,1,25,2,66,1,60,17,46,151
980981,2,39,1,58,2,60,17,43,153
980983,1,51,0,62,3,80,16,41,146
980983,2,50,1,64,2,78,19,41,150
980985,1,21,2,59,3,45,13,62,124
980985,2,32,1,78,0,61,14,37,127
980987,1,42,1,94,0,76,37,34,248
980987,2,41,2,53,6,54,11,56,104
980989,1,37,2,57,3,70,9,48,103
980991,1,47,1,74,1,77,26,34,179
980991,2,55,0,75,2,78,22,33,180
980993,1,45,0,99,2,84,27,39,206
980993,2,49,2,59,4,81,16,51,126
980995,1,51,1,73,3,87,22,32,183
980995,2,63,0,72,1,91,25,35,186
980997,1,28,2,45,3,49,13,52,121
980997,2,44,1,32,0,63,11,31,76
980999,1,63,0,148,3,129,35,29,211
980999,2,59,4,61,5,90,16,26,120
981001,1,44,2,39,3,55,14,53,124
981001,2,55,3,70,1,97,15,30,125
981003,1,46,1,69,3,68,18,38,158
981003,2,37,1,70,1,68,17,38,161
981005,1,52,0,68,2,76,21,38,172
981005,2,44,1,59,4,62,22,46,173
981007,1,49,3,85,1,72,24,45,172
981007,2,70,1,77,3,100,29,37,173
981009,1,48,2,93,1,85,18,28,171
981009,2,48,1,66,3,73,15,45,149
981011,1,43,2,55,4,75,12,39,138
981011,2,49,2,62,2,83,15,41,139
981013,1,23,3,81,1,58,20,47,158
981013,2,31,5,79,1,70,19,40,159
981015,1,43,1,66,2,71,21,45,162
981015,2,46,1,64,3,66,11,38,140
981017,1,38,2,71,3,67,25,49,162
981017,2,46,2,70,3,66,22,42,163
981019,1,59,0,81,3,97,30,36,208
981019,2,59,0,99,3,112,25,36,200
1082591,1,59,1,92,1,88,26,26,207
1082591,2,54,1,85,4,98,23,44,172
1082592,1,61,1,59,4,82,23,41,184
1082592,2,59,1,80,1,93,24,29,187
1082593,1,52,1,73,2,91,26,35,183
1082593,2,73,0,111,0,116,26,21,184
1082594,1,35,1,73,3,63,18,32,163
1082594,2,56,2,72,2,73,20,40,164
1082595,1,41,2,80,2,61,21,50,157
1082595,2,43,2,70,4,79,15,47,142
1082596,1,40,2,62,2,60,13,36,135
1082596,2,59,1,72,0,89,17,27,140
1082597,1,59,2,58,2,79,20,35,178
1082597,2,49,0,66,4,74,24,48,180
1082598,1,23,3,48,1,53,17,53,148
1082598,2,62,1,88,1,97,20,21,150
1082599,1,62,1,61,1,81,27,32,205
1082599,2,50,3,56,5,68,11,41,108
1082600,1,34,0,84,3,75,21,45,158
1082600,2,61,2,60,2,85,22,39,159
1082601,1,57,1,77,3,95,24,54,170
1082601,2,76,1,81,1,116,25,25,171
1082602,1,41,0,69,1,66,11,41,142
1082602,2,21,4,70,1,48,14,41,145
1082603,1,64,2,62,3,92,21,37,171
1082603,2,61,0,72,3,96,27,41,172
1082604,1,40,2,84,1,75,20,40,172
1082604,2,45,0,68,5,59,21,48,155
1082605,1,49,0,71,4,83,28,41,188
1082605,2,40,3,63,3,64,14,40,137
1082606,1,46,1,74,2,75,18,36,176
1082606,2,56,1,76,2,89,19,32,177
1082607,1,55,0,62,2,79,21,43,161
1082607,2,42,2,50,2,67,12,46,134
1082608,1,53,0,57,4,83,23,35,168
1082608,2,49,3,86,1,88,18,33,169
1082609,1,29,1,79,2,54,15,38,159
1082609,2,51,2,53,4,62,18,52,154
1082610,1,45,0,108,1,92,30,35,213
1082610,2,57,2,82,3,103,24,39,192
1082611,1,39,1,96,0,80,22,24,191
1082611,2,56,1,71,3,87,24,35,176
1082612,1,46,1,93,1,69,26,35,198
1082612,2,82,1,109,1,123,28,16,199
1082613,1,65,1,76,1,96,27,30,187
1082613,2,72,1,74,4,99,28,30,188
1082614,1,48,2,54,3,68,15,51,142
1082614,2,23,5,68,1,57,14,50,128
1082615,1,45,0,68,2,65,22,34,176
1082615,2,55,1,60,2,83,24,36,179
1082616,1,50,1,85,3,88,26,35,188
1082616,2,50,2,71,4,82,18,33,162
1082617,1,65,2,42,4,87,16,53,131
1082617,2,39,4,10,6,49,8,39,49
1082618,1,48,0,72,3,84,20,41,160
1082618,2,44,1,69,3,68,21,44,157
1082620,1,57,0,72,2,83,22,32,182
1082620,2,45,1,114,0,101,24,27,184
1082621,1,35,3,72,4,61,13,45,134
1082621,2,49,2,86,1,89,20,31,135
1082622,1,53,1,78,1,78,18,36,160
1082622,2,47,1,93,2,101,24,28,161
1082623,1,60,0,95,2,107,26,23,207
1082623,2,59,3,79,2,76,29,38,181
1082624,1,43,1,68,2,67,18,40,157
1082624,2,39,2,32,5,49,7,57,96
1082625,1,48,3,52,3,70,19,53,153
1082625,2,61,1,53,3,82,19,41,153
1082626,1,25,3,35,4,37,5,64,67
1082626,2,50,0,18,0,68,10,20,68
1082627,1,79,0,75,1,123,26,32,209
1082627,2,44,2,78,2,82,17,37,161
1082628,1,52,2,63,3,80,18,39,162
1082628,2,55,1,59,4,74,20,34,165
1082629,1,55,1,80,5,94,20,40,161
1082629,2,43,4,59,0,67,20,43,167
1082630,1,66,1,48,2,83,26,38,185
1082630,2,62,1,80,2,96,25,31,189
1082631,1,41,3,69,2,59,21,47,155
1082631,2,74,2,60,2,96,22,50,158
1082632,1,58,2,106,2,93,27,33,208
1082632,2,63,1,119,2,113,28,28,214
1082633,1,35,2,49,3,55,14,50,138
1082633,2,46,3,52,4,68,13,50,119
1082634,1,35,1,65,2,51,11,36,148
1082634,2,47,2,54,2,74,16,55,136
1082635,1,60,0,88,2,84,26,31,212
1082635,2,35,5,31,5,50,8,49,66
1082636,1,40,3,65,0,63,17,37,158
1082636,2,105,0,52,4,126,22,31,159
1082637,1,44,1,79,0,81,21,25,189
1082637,2,58,0,90,2,103,23,24,192
1082638,1,36,2,63,2,59,13,47,138
1082638,2,43,1,70,2,83,15,35,140
1082639,1,41,2,74,1,63,18,37,167
1082639,2,61,1,57,2,79,18,38,153
1082640,1,50,2,84,1,91,26,30,195
1082640,2,64,2,74,4,92,35,42,197
1082641,1,71,1,102,1,126,30,26,230
1082641,2,68,0,80,4,108,32,38,223
1082642,1,54,2,69,2,85,20,42,168
1082642,2,53,2,64,1,78,19,44,161
1082643,1,61,0,65,5,105,21,44,154
1082643,2,47,2,80,0,82,23,31,158
1082644,1,51,1,67,1,79,24,46,173
1082644,2,53,3,78,3,92,21,46,164
1082645,1,32,5,39,3,55,7,54,73
1082645,2,43,1,35,0,62,7,25,78
1082646,1,37,1,70,2,66,18,39,161
1082646,2,42,2,62,2,76,19,49,151
1082647,1,33,2,71,1,63,17,41,162
1082647,2,42,3,61,4,71,14,46,142
1082648,1,30,1,68,2,61,14,51,128
1082649,1,25,3,63,3,43,11,55,107
1082649,2,36,3,75,1,64,14,33,111
1082650,1,32,2,49,5,56,13,52,129
1082650,2,38,1,45,1,58,11,46,128
1136561,1,39,2,78,2,65,23,47,165
1136561,2,42,2,64,5,56,21,44,169
1136562,1,45,1,78,4,77,16,26,166
1136562,2,73,2,59,1,99,23,41,167
1136563,1,52,1,80,3,82,24,45,176
1136563,2,68,2,73,2,98,24,41,177
1136564,1,48,1,49,5,71,12,45,125
1136564,2,57,1,66,0,89,19,43,127
1136565,1,64,2,59,3,89,28,43,202
1136565,2,75,1,70,2,90,23,29,205
1136566,1,51,2,66,2,84,17,33,153
1136567,1,54,3,57,2,78,21,61,147
1136567,2,56,0,65,5,87,19,37,151
1136568,1,50,3,72,4,84,18,39,155
1136568,2,41,2,68,2,79,21,39,159
1136569,1,84,0,74,2,107,26,37,194
1136569,2,53,1,95,2,104,28,37,195
1136570,1,49,1,57,4,70,16,52,138
1136570,2,46,2,66,1,62,17,43,139
1136571,1,52,1,77,2,76,28,34,217
1136571,2,64,1,70,4,100,27,32,198
1136572,1,75,0,79,4,115,28,38,197
1136572,2,53,2,69,2,85,23,32,193
1136573,1,50,1,95,3,85,29,47,200
1136573,2,56,3,73,7,99,18,29,129
1136574,1,60,2,83,1,95,31,48,213
1136574,2,55,2,53,4,76,19,36,167
1136575,1,48,0,64,4,71,19,40,160
1136575,2,53,1,68,2,87,21,36,163
1136576,1,49,0,94,2,82,24,38,193
1136576,2,40,3,78,1,72,16,29,178
1136577,1,69,1,92,2,107,31,34,204
1136577,2,35,3,80,4,77,13,36,140
1136578,1,50,1,96,2,86,26,35,191
1136578,2,73,0,53,1,117,22,25,126
1136579,1,28,2,75,1,58,23,44,174
1136579,2,43,2,97,1,82,23,26,176
1136580,1,27,1,93,1,54,26,39,182
1136580,2,40,3,77,1,71,22,44,178
1136581,1,43,1,92,1,93,20,43,167
1136581,2,43,2,75,1,70,17,33,168
1136582,1,51,2,49,2,68,14,42,143
1136582,2,48,3,48,2,65,14,49,139
1136583,1,51,4,55,3,82,14,53,118
1136583,2,22,3,55,3,52,11,65,87
1136584,1,52,1,90,3,87,25,42,205
1136584,2,55,2,80,2,83,26,36,207
1136585,1,37,3,60,1,57,13,51,132
1136585,2,44,0,47,5,67,13,48,119
1136586,1,57,0,83,3,84,31,38,219
1136586,2,51,4,89,1,83,21,46,164
1136587,1,51,1,66,1,91,21,42,169
1136587,2,50,0,73,1,71,20,38,170
1136588,1,39,1,81,2,70,17,37,151
1136588,2,43,1,59,3,72,11,33,140
1136589,1,40,0,69,3,75,21,40,175
1136589,2,51,0,73,2,88,24,39,176
1136590,1,56,0,81,3,96,28,32,211
1136590,2,59,2,69,2,78,26,34,198
1136591,1,43,1,80,2,82,21,50,167
1136591,2,40,3,66,2,77,16,48,153
1136592,1,62,1,110,3,99,29,36,196
1136592,2,79,0,67,5,121,21,18,146
1136593,1,57,1,64,3,90,24,39,177
1136593,2,56,2,85,2,90,27,41,180
1136594,1,49,0,74,3,78,21,41,174
1136594,2,39,1,79,2,67,24,40,176
1136595,1,47,1,42,6,68,14,51,127
1136595,2,42,1,47,3,71,16,53,128
1136596,1,60,1,65,1,95,17,33,163
1136596,2,61,0,54,2,82,16,33,164
1136597,1,56,0,76,3,95,25,41,181
1136597,2,47,2,75,2,91,26,51,168
1136598,1,45,2,65,4,81,17,33,152
1136598,2,34,2,68,2,68,19,42,155
1136599,1,38,2,67,1,61,17,42,146
1136599,2,55,1,47,4,75,16,43,141
1136600,1,63,1,57,2,82,17,36,158
1136600,2,33,3,59,3,55,15,42,143
1136601,1,47,1,98,2,72,30,41,210
1136601,2,47,2,48,6,72,16,59,108
1136602,1,38,2,73,2,52,28,40,187
1136602,2,51,1,101,0,91,26,23,191
1136603,1,55,1,72,2,90,18,30,176
1136603,2,57,2,65,2,88,24,43,177
1136604,1,59,1,110,2,106,39,31,245
1136604,2,58,2,92,3,101,28,32,214
1136605,1,44,2,76,1,78,23,39,181
1136605,2,58,2,89,1,95,24,36,187
1136606,1,29,1,101,0,62,23,38,179
1136606,2,53,0,90,2,93,24,34,180
1136607,1,51,0,72,4,86,22,46,168
1136607,2,51,1,81,1,83,23,34,171
1136608,1,47,3,40,6,65,10,47,88
1136608,2,66,0,26,0,92,15,10,92
1136609,1,68,1,50,6,92,20,47,142
1136609,2,51,2,65,1,80,21,42,145
1136610,1,60,3,91,2,79,23,38,186
1136610,2,57,1,70,0,86,22,27,183
1136611,1,44,2,105,2,84,32,33,218
1136611,2,56,1,96,1,91,28,34,204
1136612,1,39,1,63,4,77,19,47,162
1136612,2,44,0,50,4,70,13,51,128
1136613,1,45,1,68,2,74,17,37,164
1136613,2,55,1,53,5,84,17,45,134
1136614,1,60,0,81,2,92,20,40,172
1136614,2,66,1,66,1,90,22,39,173
1136615,1,46,2,74,1,83,20,34,174
1136615,2,57,1,65,6,80,19,48,163
1136616,1,29,3,73,2,71,17,45,153
1136616,2,33,3,69,1,58,18,42,159
1136617,1,47,3,41,3,64,16,54,139
1136617,2,33,3,59,4,50,18,48,140
1136618,1,46,3,68,2,63,21,46,169
1136618,2,51,1,60,1,87,16,45,144
1136619,1,45,0,68,3,79,23,38,174
1136619,2,67,1,51,5,93,22,45,160
1136620,1,42,1,84,2,73,22,38,178
1136620,2,35,1,111,1,80,26,37,181
1175356,1,33,2,33,6,49,4,57,70
1175356,2,16,1,47,2,42,7,67,71
1175357,1,54,0,80,1,92,21,30,181
1175357,2,47,1,67,2,70,26,42,183
1175358,1,45,2,86,1,82,33,37,213
1175358,2,46,3,88,3,89,26,42,176
1175359,1,32,1,93,1,68,24,43,184
1175359,2,64,0,71,2,96,21,40,170
1175360,1,43,1,75,1,65,18,44,147
1175360,2,58,1,62,2,97,19,46,150
1175361,1,53,2,94,1,89,31,40,218
1175361,2,51,2,82,1,77,26,41,190
1175362,1,52,0,87,3,82,26,42,187
1175362,2,60,1,67,2,82,24,36,181
1175363,1,35,1,87,0,75,25,31,198
1175363,2,69,0,96,3,115,27,28,201
1175364,1,62,1,69,3,91,23,34,176
1175364,2,38,0,102,2,84,22,33,177
1175365,1,36,2,82,3,64,26,44,185
1175365,2,45,1,95,1,82,26,34,185
1175366,1,59,0,105,0,105,30,24,231
1175366,2,30,3,56,3,44,13,62,113
1175367,1,29,3,70,1,55,22,45,175
1175367,2,45,3,66,2,75,18,39,167
1175368,1,54,2,75,2,86,22,42,166
1175368,2,49,1,79,2,83,20,45,152
1175369,1,48,0,59,3,73,21,42,158
1175369,2,55,0,66,2,80,20,42,164
1175370,1,40,1,53,2,57,23,45,170
1175370,2,34,3,60,2,66,17,61,133
1175371,1,36,2,49,3,56,13,47,129
1175371,2,62,0,41,4,81,16,46,131
1175372,1,53,0,89,1,78,27,31,205
1175372,2,59,1,75,2,94,27,40,206
1178393,1,54,0,54,3,71,18,37,160
1178393,2,46,2,59,0,71,12,39,138
1178394,1,30,2,45,3,52,15,57,136
1178394,2,39,2,45,3,59,9,50,96
1178395,1,40,2,68,2,63,15,41,149
1178395,2,53,1,70,2,80,21,48,152
1178396,1,28,1,75,1,56,15,45,139
1178396,2,65,0,75,2,105,21,32,140
1178397,1,27,1,65,2,50,14,41,150
1178397,2,38,1,73,0,69,16,39,151
1178398,1,29,4,46,2,47,14,74,108
1178398,2,40,2,45,1,57,11,47,111
1178399,1,50,0,81,2,93,26,41,197
1178399,2,50,1,85,3,65,26,44,198
1178400,1,54,3,49,3,74,18,41,151
1178400,2,24,4,77,0,50,13,41,155
1178401,1,41,1,81,3,72,24,42,178
1178401,2,57,2,81,0,88,24,30,180
1178402,1,57,0,69,2,92,23,34,187
1178402,2,59,0,99,2,100,28,40,188
1178403,1,60,0,62,4,90,23,43,173
1178403,2,63,1,63,0,88,23,28,174
1178404,1,49,1,84,4,77,20,46,161
1178404,2,44,2,76,2,70,24,43,162
1178405,1,51,2,70,1,87,18,41,155
1178405,2,40,0,60,2,73,10,47,116
1178406,1,45,1,74,1,70,22,41,171
1178406,2,67,0,60,3,97,25,48,172
1178407,1,39,1,97,1,75,20,38,182
1178407,2,54,1,68,1,89,15,32,170
1178408,1,41,0,61,5,80,14,48,132
1178408,2,68,1,48,2,85,17,34,137
1178409,1,57,0,47,3,75,20,32,168
1178409,2,48,0,38,5,63,12,53,128
1178410,1,42,1,80,1,70,30,33,213
1178410,2,37,3,84,1,60,31,58,203
1178411,1,46,1,66,2,81,17,42,161
1178411,2,60,1,68,2,90,22,36,162
1178412,1,50,2,68,3,92,21,42,163
1178412,2,60,1,68,1,90,21,36,166
1178413,1,61,2,55,2,80,19,44,159
1178413,2,72,0,89,1,109,19,19,161
1178414,1,49,1,69,2,74,20,44,161
1178414,2,32,4,60,1,57,18,46,160
1178415,1,52,1,98,1,95,26,34,191
1178415,2,59,0,83,2,81,27,31,193
1178416,1,54,1,80,1,91,18,33,175
1178416,2,49,1,86,1,80,24,41,176
1178417,1,70,1,52,3,84,27,35,202
1178417,2,68,1,75,2,105,28,45,185
1178418,1,32,2,68,2,49,25,51,175
1178418,2,55,1,67,4,78,26,45,177
1178419,1,45,1,60,2,84,19,47,155
1178419,2,40,3,48,3,60,10,47,109
1178420,1,51,1,70,2,86,13,29,160
1178420,2,60,0,72,2,79,20,42,161
1178421,1,59,1,68,2,88,26,37,187
1178421,2,64,1,62,4,90,20,34,171
1178422,1,50,0,107,1,97,36,36,232
1178422,2,41,2,99,3,78,28,41,198
1178423,1,77,0,82,1,103,22,22,212
1178423,2,44,1,79,4,81,20,48,167
1178425,1,27,1,75,2,53,25,43,179
1178425,2,59,2,33,6,80,11,43,99
1178426,1,44,1,69,2,76,21,43,162
1178426,2,59,2,47,3,80,21,39,162
1178427,1,41,2,84,2,84,23,36,183
1178427,2,62,1,89,2,98,25,30,185
1178428,1,30,4,40,3,55,11,56,115
1178428,2,46,2,54,2,70,13,38,121
1178429,1,52,1,70,3,71,23,43,175
1178429,2,49,3,81,0,77,24,34,178
1178430,1,42,1,82,0,79,22,34,170
1178430,2,68,0,83,3,106,24,41,173
1178431,1,49,0,50,4,61,13,58,133
1178431,2,46,0,75,1,76,19,37,134
1181764,1,32,3,59,1,50,14,49,131
1181764,2,44,2,64,2,69,16,46,132
1181766,1,54,1,50,2,71,19,44,162
1181766,2,55,0,56,5,83,23,51,165
1181767,1,41,2,52,3,68,17,45,147
1181767,2,42,0,77,2,81,19,43,151
1181768,1,45,2,57,3,70,18,51,149
1181768,2,53,1,35,3,72,17,55,148
1216492,1,51,2,75,3,86,19,39,162
1216492,2,37,2,79,0,70,21,36,166
1216493,1,23,3,70,2,49,19,49,157
1216493,2,35,3,63,2,55,18,46,157
1216494,1,17,4,35,2,36,8,70,84
1216494,2,44,0,41,2,63,11,38,85
1216495,1,48,2,50,3,78,18,46,149
1216495,2,56,0,81,0,89,19,30,151
1216496,1,54,1,100,3,119,26,33,216
1216496,2,53,0,78,5,82,25,34,200
1216497,1,36,2,106,1,75,30,42,194
1216497,2,36,2,74,3,64,14,48,135
1216498,1,47,1,41,4,66,9,46,126
1216498,2,52,0,45,3,70,14,58,114
1216499,1,54,0,75,2,88,24,47,164
1216499,2,45,1,72,3,70,22,46,166
1216500,1,51,3,71,2,87,22,42,184
1216500,2,41,1,60,6,65,14,48,138
1216501,1,52,1,76,3,93,19,36,167
1216501,2,54,1,56,2,90,21,39,157
1216502,1,30,2,63,2,61,10,47,120
1216502,2,58,1,63,4,74,15,35,121
1216503,1,41,2,61,1,62,27,40,191
1216503,2,41,2,68,3,72,13,41,143
1216504,1,42,1,78,4,82,20,43,174
1216504,2,39,2,51,6,61,12,51,137
1216505,1,40,1,63,1,60,16,41,152
1216505,2,53,1,68,1,81,16,28,154
1216506,1,53,1,42,3,65,17,37,153
1216506,2,57,0,61,1,84,15,36,154
1216507,1,26,1,70,1,63,15,42,158
1216507,2,36,3,58,2,67,18,36,163
1216508,1,59,1,88,1,94,22,34,195
1216508,2,33,2,67,2,71,20,56,146
1216509,1,39,1,73,2,71,23,42,179
1216509,2,41,2,88,1,76,24,31,185
1216510,1,50,0,76,2,90,28,31,206
1216510,2,40,3,55,4,63,13,51,109
1216511,1,57,1,68,3,90,26,41,193
1216511,2,31,3,82,3,63,17,45,136
1216512,1,48,1,57,3,77,21,40,163
1216512,2,58,0,51,4,74,20,43,163
1216513,1,46,0,84,2,71,20,35,178
1216513,2,60,0,90,0,101,26,30,181
1216514,1,38,3,61,1,70,17,40,154
1216514,2,50,1,68,0,77,19,35,158
1216515,1,57,1,94,1,89,32,23,228
1216515,2,59,1,78,5,94,26,35,210
1216516,1,42,1,58,3,63,21,43,164
1216516,2,36,3,43,1,44,19,49,157
1216517,1,43,3,71,1,70,24,46,176
1216517,2,51,1,74,3,87,22,44,176
1216518,1,47,1,58,2,74,16,41,154
1216518,2,58,2,60,0,79,21,44,156
1216519,1,63,0,71,3,85,25,31,196
1216519,2,43,3,62,2,63,13,42,137
1216520,1,54,3,60,3,92,20,55,149
1216520,2,36,0,77,1,67,21,46,150
1216521,1,24,5,47,3,52,12,65,114
1216521,2,52,0,64,0,98,18,28,116
1216522,1,52,1,67,2,80,22,40,177
1216522,2,47,1,67,2,77,15,36,179
1216523,1,25,2,76,1,60,20,44,164
1216523,2,47,0,70,1,76,18,32,162
1216524,1,77,0,98,2,113,30,29,219
1216524,2,54,2,42,4,73,16,49,131
1216525,1,36,1,59,3,65,15,37,169
1216525,2,26,2,70,1,47,13,48,132
1216526,1,33,2,62,3,57,18,52,148
1216526,2,51,0,75,2,90,23,40,149
1216527,1,60,0,112,0,110,31,29,223
1216527,2,69,1,71,1,104,32,39,226
1216528,1,44,2,72,0,69,21,44,167
1216528,2,40,2,61,2,60,15,41,147
1216529,1,46,2,65,1,80,18,33,162
1216529,2,44,1,86,2,78,21,37,166
1216530,1,55,1,77,4,84,28,45,191
1216530,2,41,5,66,2,74,15,55,131
1216531,1,57,1,65,2,83,16,30,171
1216531,2,56,0,70,1,84,20,43,177
1216532,1,38,0,79,2,82,15,29,162
1216532,2,34,1,70,2,54,14,44,147
1216533,1,43,2,46,2,56,13,48,125
1216533,2,31,3,77,0,59,14,45,126
1216534,1,53,0,63,2,86,17,34,163
1216534,2,48,1,73,1,78,17,45,153
1216535,1,22,2,56,4,49,10,60,110
1216535,2,38,0,73,1,68,14,32,111
1216536,1,48,0,58,3,70,25,41,172
1216536,2,44,0,77,3,74,22,38,178
1216537,1,53,1,70,1,81,23,46,185
1216537,2,66,1,80,2,103,27,30,186
1216538,1,48,2,99,2,90,29,37,208
1216538,2,56,1,83,3,94,19,41,174
1216539,1,36,0,88,2,88,22,34,175
1216539,2,34,2,61,1,47,13,45,131
1216540,1,47,0,64,2,78,22,33,194
1216540,2,43,1,47,6,61,10,49,112
1216541,1,59,1,57,3,89,26,39,195
1216541,2,55,2,102,0,99,28,31,196
1216542,1,58,0,102,0,100,24,38,201
1216542,2,45,2,81,6,96,16,42,132
1216543,1,47,2,82,1,79,16,37,161
1216543,2,50,2,73,3,85,18,41,148
1216544,1,46,1,55,1,72,13,36,145
1216544,2,48,1,79,1,82,19,40,150
1216545,1,40,1,59,1,61,12,36,142
1216545,2,52,2,61,1,72,18,34,145
1216546,1,53,1,64,2,83,19,34,164
1216546,2,57,3,84,1,101,21,39,167
1216547,1,59,0,64,2,85,27,36,201
1216547,2,35,2,77,2,63,22,33,201
1237177,1,63,1,59,3,93,27,35,200
1237177,2,32,4,80,1,65,19,56,143
1237178,1,32,2,61,2,54,11,40,131
1237178,2,48,2,39,2,60,14,49,132
1237180,1,65,0,74,2,102,21,24,189
1237180,2,49,3,80,1,75,21,39,172
1237181,1,41,3,77,1,75,19,41,156
1237181,2,61,1,65,1,88,21,38,157
1254058,1,41,1,87,2,86,21,50,159
1254058,2,46,2,60,3,75,16,42,160
1254059,1,33,2,103,2,71,26,42,188
1254059,2,65,0,86,1,99,29,27,190
1254060,1,50,0,95,1,83,26,41,187
1254060,2,35,2,84,1,77,19,40,177
1254061,1,46,1,115,1,89,31,35,221
1254061,2,59,2,95,2,95,33,38,217
1254062,1,42,1,72,2,81,19,44,152
1254062,2,45,0,77,4,81,17,49,142
1254063,1,47,1,56,3,63,18,46,149
1254063,2,50,1,58,1,77,15,54,143
1254064,1,36,3,66,3,57,20,47,147
1254064,2,26,3,64,3,52,19,45,150
1254065,1,26,4,47,2,48,12,64,106
1254065,2,32,1,70,3,64,15,47,107
1254066,1,53,0,48,3,75,16,46,150
1254066,2,57,0,47,5,74,15,52,137
1254067,1,45,2,89,1,84,29,37,204
1254067,2,57,2,64,3,83,23,45,166
1254068,1,59,0,81,1,94,27,37,195
1254068,2,62,1,90,2,99,27,27,198
1254069,1,46,2,81,3,82,22,44,188
1254069,2,45,2,52,5,81,16,54,143
1254070,1,55,1,46,5,78,14,46,137
1254070,2,39,1,62,2,68,15,41,138
1254071,1,32,1,62,5,53,9,45,120
1254071,2,50,0,45,1,73,10,45,121
1254072,1,54,0,90,1,82,31,39,220
1254072,2,45,5,101,2,97,30,48,202
1254073,1,32,3,96,2,70,25,47,177
1254073,2,59,0,103,0,107,26,23,181
1254074,1,21,1,76,1,49,12,43,131
1254074,2,45,0,54,1,62,18,48,132
1254075,1,25,1,68,3,55,14,53,133
1254075,2,50,2,54,2,80,15,43,134
1254076,1,51,0,66,3,83,26,43,191
1254076,2,65,2,30,6,83,14,61,122
1254077,1,51,0,65,2,80,20,38,159
1254077,2,56,2,54,2,80,19,45,159
1254078,1,37,1,45,5,56,13,59,123
1254078,2,42,3,60,2,76,19,43,126
1254079,1,36,2,79,2,68,18,36,171
1254079,2,43,2,68,2,62,20,34,170
1254080,1,39,1,74,0,69,19,34,171
1254080,2,50,0,98,3,91,26,32,173
1254081,1,47,0,79,2,91,21,35,171
1254081,2,49,1,82,1,87,19,29,172
1254082,1,45,1,50,4,73,17,41,154
1254082,2,67,0,79,1,95,23,35,156
1254083,1,49,1,70,4,90,24,40,179
1254083,2,36,1,56,4,62,16,44,145
1254084,1,49,1,87,3,95,30,35,218
1254084,2,58,0,95,3,81,30,36,219
1254085,1,42,1,104,0,77,29,35,220
1254085,2,57,0,72,5,82,20,41,165
1254086,1,39,2,63,2,63,18,34,166
1254086,2,63,0,76,2,87,20,29,167
1254087,1,41,2,34,5,54,8,60,92
1254087,2,56,0,38,1,94,15,24,94
1254088,1,83,1,94,4,131,38,31,235
1254088,2,70,1,86,3,105,25,30,193
1254089,1,44,0,72,3,63,24,33,189
1254089,2,81,1,84,1,119,27,31,190
1254090,1,55,0,54,3,69,20,49,164
1254090,2,49,0,64,2,81,17,41,158
1254091,1,41,1,56,3,63,11,44,134
1254091,2,47,0,58,2,75,17,54,139
1254092,1,39,1,50,4,64,14,45,127
1254092,2,44,2,54,3,67,15,51,130
1254093,1,41,2,30,4,50,9,66,90
1254093,2,56,2,38,0,94,14,21,94
1254094,1,30,2,52,3,53,15,48,134
1254094,2,51,2,88,2,92,19,27,139
1254095,1,50,1,57,3,76,16,46,141
1254095,2,37,2,61,2,67,16,51,137
1254096,1,56,0,50,3,80,17,45,155
1254096,2,63,1,92,2,111,22,30,159
1254097,1,36,2,68,2,66,13,32,154
1254097,2,21,3,61,2,48,10,49,121
1254098,1,50,2,68,2,78,21,34,171
1254098,2,52,0,75,3,89,21,38,172
1254099,1,38,1,67,3,62,12,39,135
1254099,2,30,2,62,1,62,16,45,137
1254100,1,49,1,64,2,77,19,34,164
1254100,2,63,1,68,2,90,20,35,167
1254101,1,55,0,73,3,88,18,35,164
1254101,2,29,2,79,1,61,18,36,166
1254102,1,48,1,73,2,76,19,35,165
1254102,2,46,0,75,2,76,17,31,168
1254103,1,56,0,64,5,91,17,45,149
1254103,2,54,1,69,1,79,20,30,153
1254104,1,24,5,63,0,44,18,51,156
1254104,2,41,3,56,3,62,15,46,136
1254105,1,32,2,58,3,61,13,50,134
1254105,2,39,1,60,1,69,18,43,139
1254106,1,34,0,93,2,69,19,38,171
1254106,2,17,4,66,4,49,11,59,85
1254107,1,29,2,64,3,55,10,44,125
1254107,2,20,2,55,3,43,7,50,120
1254108,1,48,1,71,1,82,21,51,165
1254108,2,56,0,43,5,79,12,49,111
1254109,1,35,2,44,3,51,12,55,115
1254109,2,36,1,48,1,44,17,59,119
1254110,1,48,2,45,2,69,12,44,136
1254110,2,51,2,48,4,75,16,52,139
1254111,1,57,1,83,3,94,26,42,185
1254111,2,49,0,99,2,106,21,32,183
1254112,1,35,1,52,4,66,14,54,129
1254112,2,46,3,54,3,65,13,43,132
1254113,1,55,0,63,1,90,17,37,156
1254113,2,59,0,66,3,78,20,35,157
1254114,1,51,2,63,2,79,21,36,172
1254114,2,59,1,62,3,81,22,32,173
1254115,1,53,1,55,3,70,12,36,138
1254115,2,48,1,64,3,74,13,35,139
1254116,1,38,1,52,2,65,12,44,135
1254116,2,51,0,62,1,76,11,46,136
1254117,1,50,0,81,2,80,22,29,192
1254117,2,55,0,65,6,88,20,49,165
1304047,1,35,2,38,3,57,15,55,131
1304047,2,43,0,61,3,76,15,42,133
1304048,1,53,0,65,3,79,24,37,177
1304048,2,46,3,76,3,77,25,38,179
1304049,1,41,0,101,1,70,22,39,205
1304049,2,63,0,93,5,97,25,40,208
1304050,1,32,4,77,0,47,22,47,158
1304050,2,44,2,47,2,72,23,48,161
1304051,1,58,0,90,3,87,30,46,210
1304051,2,14,3,63,2,36,17,50,149
1304052,1,44,3,57,6,76,18,62,128
1304052,2,36,3,57,1,59,16,60,132
1304053,1,73,1,74,2,106,32,39,210
1304053,2,55,0,89,3,98,27,33,211
1304054,1,62,3,40,5,85,19,58,137
1304054,2,51,2,90,2,73,20,37,141
1304055,1,48,2,90,1,87,28,46,193
1304055,2,50,2,86,2,94,21,49,170
1304056,1,44,1,76,2,66,19,34,171
1304056,2,43,3,83,3,79,21,45,157
1304057,1,72,2,75,3,109,23,54,180
1304057,2,27,4,71,3,53,16,52,126
1304058,1,32,3,82,0,68,20,37,169
1304058,2,40,2,80,2,82,17,41,157
1304059,1,35,1,68,2,76,17,40,169
1304059,2,48,0,77,5,68,25,39,173
1304060,1,35,1,50,2,54,20,44,161
1304060,2,35,2,92,3,67,24,37,162
1304061,1,52,0,47,3,73,19,48,149
1304061,2,48,0,63,2,74,16,39,155
1304062,1,43,2,109,3,86,27,44,189
1304062,2,53,1,81,1,94,26,32,190
1304063,1,41,2,67,2,68,17,44,154
1304063,2,37,0,84,1,69,19,33,155
1304064,1,49,0,43,6,62,21,59,151
1304064,2,30,0,81,1,61,17,37,152
1304065,1,68,0,93,3,101,29,34,215
1304065,2,43,2,94,3,91,22,44,171
1304066,1,44,1,48,3,67,20,47,165
1304066,2,31,3,66,2,61,19,44,162
1304067,1,51,2,67,2,80,18,41,162
1304067,2,42,0,74,2,75,19,35,168
1304068,1,35,1,98,1,60,29,42,216
1304068,2,42,3,98,3,86,24,40,193
1304069,1,65,0,67,3,99,23,29,198
1304069,2,42,2,104,2,105,26,51,186
1304070,1,42,2,88,1,72,29,39,192
1304070,2,65,3,65,3,89,19,49,155
1304071,1,38,3,82,2,70,24,52,175
1304071,2,46,2,94,1,95,23,34,176
1304072,1,57,1,93,1,94,28,33,199
1304072,2,57,2,68,2,86,23,39,181
1304073,1,40,2,75,3,82,27,43,189
1304073,2,57,1,58,4,79,21,42,173
1304074,1,48,2,74,2,70,20,57,151
1304074,2,39,1,72,2,74,16,37,152
1304075,1,39,2,86,1,66,20,41,169
1304075,2,37,3,71,2,58,21,41,170
1304076,1,60,0,103,1,99,29,35,217
1304076,2,57,1,110,3,116,27,33,210
1304077,1,47,3,83,1,87,21,32,181
1304077,2,44,2,73,3,83,20,46,163
1304078,1,47,3,49,5,77,16,62,115
1304078,2,81,0,38,1,113,20,17,119
1304079,1,42,3,58,2,56,17,44,155
1304079,2,46,2,57,3,68,19,50,156
1304080,1,44,0,111,0,87,35,40,222
1304080,2,55,2,94,3,99,29,41,207
1304081,1,47,1,80,1,78,15,40,156
1304081,2,34,3,73,3,63,20,62,148
1304082,1,31,4,34,4,49,6,66,68
1304082,2,56,0,16,1,72,12,19,72
1304083,1,32,1,84,3,72,20,41,168
1304083,2,43,0,55,4,59,12,50,132
1304084,1,37,1,86,0,72,21,28,187
1304084,2,32,2,86,2,69,23,44,176
1304085,1,43,3,57,2,69,17,51,144
1304085,2,37,1,53,5,58,13,62,115
1304086,1,53,2,87,0,84,23,38,195
1304086,2,59,0,76,3,91,27,33,199
1304087,1,29,2,60,4,56,14,35,146
1304087,2,47,2,66,4,83,19,43,150
1304088,1,39,1,70,4,67,16,49,153
1304088,2,46,1,57,4,67,17,64,133
1304089,1,43,1,74,1,75,22,39,170
1304089,2,46,0,67,4,77,22,33,174
1304090,1,40,1,62,2,73,19,52,158
1304090,2,41,2,81,1,75,19,42,161
1304091,1,57,1,88,1,94,22,29,195
1304091,2,66,2,69,3,94,26,44,189
1304092,1,40,0,113,0,85,25,30,202
1304092,2,58,2,73,2,89,22,34,189
1304093,1,38,1,67,2,62,18,48,152
1304093,2,32,2,75,1,59,18,38,158
1304094,1,42,2,56,2,62,13,45,143
1304094,2,43,1,74,1,76,20,36,145
1304095,1,57,0,66,3,79,19,39,173
1304095,2,51,0,67,4,77,20,43,160
1304096,1,50,2,87,1,91,30,46,207
1304096,2,35,2,99,3,63,27,53,186
1304097,1,63,0,57,4,97,22,43,177
1304097,2,54,0,76,2,95,24,38,172
1304098,1,48,1,74,3,88,27,40,189
1304098,2,67,1,76,2,95,29,36,190
1304099,1,66,1,57,3,90,21,42,176
1304099,2,25,3,76,7,64,14,48,101
1304100,1,47,1,78,1,93,26,40,192
1304100,2,39,2,72,3,69,15,52,125
1304101,1,57,0,91,1,100,28,33,208
1304101,2,59,2,40,5,82,17,56,117
1304102,1,64,1,76,4,87,22,57,165
1304102,2,37,2,65,5,66,11,41,113
1304103,1,35,2,57,1,59,16,37,144
1304103,2,37,3,45,7,58,10,41,82
1304104,1,43,1,73,2,68,20,41,160
1304104,2,38,1,76,0,74,20,39,161
1304105,1,32,5,55,4,65,12,60,97
1304105,2,36,4,67,1,66,13,44,103
1304106,1,83,1,69,3,105,30,38,209
1304106,2,44,3,76,3,95,18,49,155
1304107,1,55,1,64,4,83,21,45,177
1304107,2,31,1,69,4,66,13,55,123
1304108,1,47,1,62,1,73,11,42,133
1304108,2,53,0,55,3,81,16,39,137
1304109,1,51,1,79,3,90,26,45,178
1304109,2,34,3,73,1,66,15,45,154
1304110,1,59,2,57,3,86,18,42,159
1304110,2,54,3,47,4,68,18,56,142
1304111,1,57,1,91,1,97,25,37,193
1304111,2,51,0,76,4,89,23,41,190
1304112,1,44,0,78,0,83,27,30,210
1304112,2,60,2,74,2,99,31,43,208
1304113,1,38,2,80,1,72,21,45,168
1304113,2,55,0,66,1,87,22,32,170
1304114,1,75,1,42,3,94,20,51,150
1304114,2,52,1,52,3,73,18,46,151
1304115,1,37,3,69,1,55,17,49,159
1304115,2,27,1,74,2,62,21,49,160
1304116,1,43,1,53,4,71,19,47,157
1304116,2,62,1,94,4,97,24,28,160
1312197,1,55,1,69,2,79,26,44,188
1312197,2,64,1,75,2,97,25,31,191
1312198,1,52,1,71,3,84,30,42,207
1312198,2,62,2,81,1,89,20,39,193
1312199,1,46,1,77,2,74,16,45,157
1312199,2,67,1,59,1,103,22,41,161
1312200,1,44,1,50,4,71,15,50,130
1312200,2,31,2,66,1,54,14,46,133
1359475,1,51,2,82,2,93,23,45,178
1359475,2,65,1,73,3,93,23,37,182
1359476,1,56,1,87,3,100,26,42,191
1359476,2,46,3,90,3,80,20,34,146
1359477,1,30,1,97,3,89,21,40,193
1359477,2,47,2,63,3,75,17,52,143
1359478,1,85,1,75,2,122,29,36,203
1359478,2,30,2,55,5,48,13,57,131
1359479,1,29,3,73,2,55,22,49,171
1359479,2,53,0,95,1,97,24,37,172
1359480,1,79,0,85,3,114,28,32,217
1359480,2,80,1,70,4,105,22,37,205
1359481,1,52,2,69,3,78,20,53,162
1359481,2,54,3,63,1,83,20,33,163
1359482,1,63,0,89,2,92,26,34,197
1359482,2,57,3,67,3,89,23,39,192
1359483,1,47,2,93,3,79,27,45,204
1359483,2,50,2,52,7,69,16,48,123
1359484,1,43,1,40,3,63,13,50,121
1359484,2,45,2,73,3,82,16,45,127
1359485,1,68,0,62,3,103,30,38,199
1359485,2,38,3,75,2,68,15,42,142
1359486,1,61,1,48,5,84,19,36,157
1359486,2,68,1,66,2,97,19,34,159
1359487,1,54,1,78,2,88,25,29,204
1359487,2,43,2,106,1,86,30,42,207
1359488,1,41,3,47,6,73,23,68,143
1359488,2,34,1,84,1,67,25,42,145
1359489,1,56,0,81,1,87,27,31,212
1359489,2,37,3,134,2,91,29,36,213
1359490,1,51,1,72,4,85,25,44,172
1359490,2,68,0,55,1,91,24,48,173
1359491,1,57,1,78,3,95,18,34,175
1359491,2,45,1,68,5,80,18,35,172
1359492,1,52,2,47,2,75,21,54,153
1359492,2,56,1,55,2,80,18,34,154
1359493,1,65,2,92,1,94,32,30,228
1359493,2,62,3,80,2,96,29,42,205
1359494,1,47,1,87,5,89,21,36,174
1359494,2,32,4,76,3,57,20,46,151
1359495,1,49,0,62,4,74,17,46,159
1359495,2,45,3,70,2,68,22,50,161
1359496,1,57,2,83,2,90,22,42,185
1359496,2,72,1,91,2,110,28,38,186
1359497,1,42,2,77,1,88,20,32,177
1359497,2,26,2,88,3,53,25,48,179
1359498,1,53,1,112,1,97,29,32,226
1359498,2,75,2,94,2,121,28,35,218
1359499,1,53,1,77,2,80,28,41,192
1359499,2,42,2,91,4,76,22,35,178
1359500,1,37,0,72,4,79,18,43,154
1359500,2,47,0,57,3,73,17,46,144
1359501,1,59,0,71,0,91,18,31,174
1359501,2,49,4,76,3,77,19,44,150
1359502,1,35,3,59,5,64,16,66,127
1359502,2,61,1,43,3,73,17,50,128
1359503,1,45,1,57,4,76,13,39,134
1359503,2,60,0,51,2,86,17,37,138
1359504,1,40,1,52,3,71,13,45,135
1359504,2,53,0,53,2,80,14,49,128
1359505,1,58,1,60,3,83,30,44,214
1359505,2,54,1,95,1,88,28,33,201
1359506,1,62,2,94,2,101,24,34,189
1359506,2,47,1,74,2,92,24,35,182
1359507,1,59,0,101,2,94,32,34,235
1359507,2,38,2,99,3,76,26,49,186
1359508,1,49,2,57,3,72,17,42,144
1359508,2,36,1,53,4,58,14,39,137
1359509,1,50,1,80,3,84,26,35,207
1359509,2,29,1,83,5,58,17,50,152
1359510,1,66,0,65,2,88,28,35,200
1359510,2,58,3,80,3,96,19,28,179
1359511,1,64,0,75,3,100,27,33,202
1359511,2,42,1,83,4,72,20,34,170
1359512,1,74,2,110,1,128,41,37,257
1359512,2,55,2,97,2,93,26,40,201
1359513,1,61,2,73,2,84,24,49,179
1359513,2,52,1,77,2,89,23,26,180
1359514,1,62,2,73,3,83,26,37,197
1359514,2,57,1,81,3,105,22,26,188
1359515,1,57,0,89,2,90,29,35,200
1359515,2,62,1,67,2,94,22,31,201
1359516,1,65,0,78,4,97,32,50,212
1359516,2,58,1,92,2,98,31,30,214
1359517,1,42,0,50,4,65,8,38,126
1359517,2,34,4,44,4,63,12,62,108
1359518,1,28,5,50,1,54,14,57,130
1359518,2,31,3,48,1,49,13,54,125
1359519,1,31,3,42,2,44,10,46,125
1359520,1,50,1,95,2,78,27,29,214
1359520,2,54,2,116,0,91,32,27,216
1359521,1,49,3,80,2,90,22,45,171
1359521,2,53,3,81,2,75,20,42,166
1359522,1,50,2,50,6,72,12,43,118
1359522,2,49,0,70,1,72,17,27,119
1359523,1,34,3,59,1,64,16,47,139
1359523,2,55,1,68,2,84,16,36,140
1359524,1,51,0,75,2,79,22,31,181
1359524,2,70,1,96,1,115,27,32,187
1359525,1,78,0,98,1,121,29,24,227
1359525,2,72,0,58,3,102,23,42,171
1359526,1,61,1,93,0,107,30,33,214
1359526,2,52,1,94,1,87,28,31,217
1359527,1,58,3,66,2,82,27,49,179
1359527,2,52,1,70,2,76,26,38,182
1359528,1,56,2,96,3,104,29,36,199
1359528,2,62,2,112,0,99,29,30,200
1359529,1,49,1,68,4,66,17,35,167
1359529,2,47,3,44,2,65,16,52,140
1359530,1,37,2,79,2,76,16,46,149
1359530,2,78,1,73,0,107,25,28,151
1359531,1,61,0,90,3,96,34,39,218
1359531,2,48,3,82,5,82,28,44,191
1359532,1,56,2,74,3,95,26,44,182
1359532,2,30,1,84,1,68,25,36,185
1359533,1,46,3,71,1,66,21,49,167
1359533,2,65,0,50,6,88,19,51,136
1359534,1,42,0,78,2,78,19,31,171
1359534,2,28,5,31,5,59,8,39,59
1359535,1,52,1,40,4,68,12,40,144
1359535,2,46,3,71,0,67,17,40,147
1359536,1,65,1,89,1,103,24,33,188
1359536,2,45,4,66,3,66,18,47,154
1359537,1,35,2,73,1,68,17,37,177
1359537,2,58,0,67,3,92,19,44,172
1359538,1,61,0,87,2,93,31,36,213
1359538,2,47,1,81,2,75,28,44,198
1359539,1,49,2,84,1,81,23,33,186
1359539,2,64,0,86,0,95,26,33,187
1359540,1,48,3,69,2,78,26,42,187
1359540,2,57,1,84,3,86,27,44,189
1359541,1,52,0,96,1,87,31,31,223
1359541,2,34,3,82,2,72,17,49,146
1359542,1,54,1,65,4,73,22,47,176
1359542,2,61,1,53,3,82,24,44,175
1359543,1,53,0,104,1,93,27,29,200
1359543,2,60,1,100,1,114,31,31,201
1359544,1,62,0,74,5,93,28,27,197
1359544,2,51,1,97,1,90,25,36,198
1370350,1,49,0,76,3,85,18,32,172
1370350,2,41,2,61,4,72,18,48,157
1370351,1,62,2,69,2,98,23,42,182
1370351,2,54,2,46,7,75,11,47,101
1370352,1,50,0,116,1,91,31,25,233
1370352,2,72,3,84,3,110,24,39,171
1370353,1,62,0,81,2,86,29,25,214
1370353,2,72,0,99,5,112,21,18,171
1422119,1,42,3,60,2,75,22,41,173
1422119,2,62,1,66,3,92,19,39,176
1422120,1,54,1,70,4,86,24,47,174
1422120,2,60,2,70,2,87,24,32,177
1422121,1,43,3,80,3,77,27,41,208
1422121,2,65,1,63,3,99,27,42,204
1422122,1,54,2,89,1,89,21,30,193
1422122,2,47,3,87,1,76,19,38,173
1422123,1,47,1,77,2,82,18,36,168
1422123,2,52,2,74,1,88,22,49,162
1422124,1,40,1,88,3,78,23,44,176
1422124,2,50,2,68,2,85,24,41,178
1422125,1,69,1,86,2,104,28,33,206
1422125,2,43,2,71,3,80,16,48,143
1422126,1,81,1,121,2,148,37,19,277
1422126,2,76,2,109,2,141,32,30,246
1422127,1,31,2,77,2,58,25,39,185
1422127,2,59,2,61,2,89,22,38,173
1422128,1,61,1,73,2,85,22,40,182
1422128,2,85,0,82,2,112,22,27,186
1422129,1,54,2,92,2,88,25,34,199
1422129,2,61,0,75,2,98,25,42,178
1422130,1,56,1,66,4,74,18,40,162
1422130,2,52,1,62,1,78,19,28,168
1422131,1,62,0,72,4,95,25,38,191
1422131,2,32,2,81,3,75,20,40,171
1422132,1,46,4,56,3,77,13,58,125
1422132,2,46,2,65,2,73,17,38,127
1422133,1,54,1,77,2,84,24,51,181
1422133,2,48,3,56,3,63,19,51,153
1422134,1,88,1,107,2,135,40,33,272
1422134,2,51,4,108,3,87,23,46,166
1422135,1,52,1,82,2,83,26,29,199
1422135,2,54,2,84,3,83,26,32,200
1422136,1,48,1,79,3,84,20,38,165
1422136,2,78,1,57,2,107,20,35,166
1422137,1,53,0,76,2,88,21,31,183
1422137,2,54,1,98,1,95,26,33,189
1422138,1,75,0,63,4,105,33,37,234
1422138,2,46,1,98,2,94,29,37,205
1422139,1,47,2,67,2,74,17,37,163
1422139,2,54,1,39,6,67,13,50,130
1426260,1,56,1,43,4,70,15,55,137
1426260,2,52,1,63,1,81,18,39,141
1426261,1,40,3,93,2,66,26,47,182
1426261,2,27,3,78,2,66,25,45,180
1426262,1,43,2,91,0,73,24,34,196
1426262,2,44,0,80,4,76,24,25,199
1426263,1,44,2,86,2,89,26,43,196
1426263,2,72,0,116,3,111,33,29,199
1426264,1,57,2,57,5,80,19,37,167
1426264,2,62,1,83,2,75,22,40,170
1426265,1,38,1,48,4,53,15,40,147
1426265,2,43,0,56,3,66,17,43,152
1426266,1,49,2,64,3,72,20,45,161
1426266,2,58,2,98,0,101,25,35,162
1426267,1,48,1,101,1,80,30,39,206
1426267,2,63,0,69,3,90,27,41,186
1426268,1,76,0,129,2,128,41,22,287
1426268,2,79,0,108,6,122,40,29,262
1426269,1,56,1,105,2,100,33,39,223
1426269,2,76,2,69,4,109,32,39,224
1426270,1,30,4,48,4,61,9,59,89
1426270,2,67,4,25,0,92,15,23,92
1426271,1,54,1,76,1,86,24,34,192
1426271,2,40,4,101,3,87,22,44,183
1426272,1,51,2,54,3,81,21,36,176
1426272,2,54,0,80,1,89,23,31,180
1426273,1,125,0,80,4,158,40,26,266
1426273,2,88,2,78,4,138,31,40,199
1426274,1,75,3,74,2,107,34,32,222
1426274,2,74,2,100,4,122,33,44,221
1426275,1,56,1,41,5,74,17,51,142
1426275,2,44,1,57,3,68,18,38,146
1426276,1,45,3,86,1,72,22,39,179
1426276,2,61,0,90,1,95,26,35,183
1426277,1,49,2,86,1,85,29,32,210
1426277,2,45,2,92,1,83,29,30,213
1426278,1,44,3,83,0,80,34,38,224
1426278,2,67,1,80,4,98,32,31,220
1426279,1,61,1,81,3,94,26,21,206
1426279,2,62,4,70,3,89,19,43,171
1426280,1,76,0,114,2,137,40,34,261
1426280,2,93,1,108,1,132,39,27,262
1426281,1,92,0,98,3,128,39,30,257
1426281,2,65,3,108,2,115,35,26,247
1426282,1,46,2,104,1,94,22,30,196
1426282,2,60,1,84,2,81,28,28,199
1426283,1,42,1,96,2,82,25,33,200
1426283,2,63,1,114,0,98,28,23,206
1426284,1,50,1,98,1,92,28,24,212
1426284,2,53,3,56,2,78,13,36,134
1426285,1,67,3,45,5,93,21,54,153
1426285,2,79,0,62,3,104,23,36,157
1426286,1,28,4,68,1,57,16,51,144
1426286,2,52,1,64,3,79,17,46,145
1426287,1,55,0,47,3,71,17,40,162
1426287,2,52,1,83,2,96,22,38,163
1426288,1,37,2,94,1,75,28,46,201
1426288,2,60,2,97,1,100,27,43,200
1426289,1,57,4,71,1,83,21,48,169
1426289,2,46,3,73,3,67,17,48,145
1426290,1,23,3,79,2,61,22,53,147
1426290,2,92,1,60,5,112,26,28,152
1426291,1,60,1,57,4,79,20,37,167
1426291,2,47,2,44,6,72,17,54,139
1426292,1,70,1,101,2,110,34,34,235
1426292,2,55,1,75,7,96,17,36,137
1426293,1,56,1,64,4,88,18,37,173
1426293,2,52,3,87,0,84,27,43,174
1426294,1,78,2,78,3,115,34,30,221
1426294,2,67,2,92,1,93,29,47,201
1426295,1,27,2,75,2,57,20,36,165
1426295,2,107,0,60,0,167,30,13,167
1426296,1,56,2,108,1,119,35,33,241
1426296,2,75,2,89,5,114,30,34,181
1426297,1,58,0,132,0,107,29,23,231
1426297,2,43,3,100,2,86,28,41,196
1426298,1,52,3,95,3,97,23,33,157
1426298,2,62,0,74,6,81,19,41,139
1426299,1,42,0,52,3,61,13,44,141
1426299,2,56,1,60,3,77,16,36,145
1426300,1,61,2,77,2,110,21,36,187
1426300,2,54,4,73,3,87,17,49,140
1426302,1,73,1,63,2,106,28,38,208
1426302,2,59,4,76,3,97,26,45,189
1426303,1,38,1,65,5,58,20,50,144
1426303,2,39,3,64,1,63,19,43,145
1426305,1,49,2,110,1,69,30,40,214
1426305,2,53,0,72,5,92,28,47,196
1426306,1,42,0,96,2,78,30,37,218
1426306,2,58,2,71,4,87,22,31,191
1426307,1,61,0,98,2,99,29,32,214
1426307,2,84,2,98,2,129,28,32,215
1426309,1,45,4,80,4,92,19,43,159
1426309,2,63,1,101,1,107,26,27,164
1426310,1,50,1,75,4,76,21,37,172
1426310,2,47,1,79,3,85,25,34,174
1426311,1,68,3,64,3,99,20,40,175
1426311,2,51,1,51,5,73,18,54,139
1426312,1,40,3,50,5,61,11,53,113
1426312,2,72,1,42,1,111,16,21,114
1473438,1,60,1,85,4,107,26,48,174
1473438,2,80,0,77,2,104,28,25,177
1473439,1,94,1,114,2,135,46,24,286
1473439,2,77,3,92,2,118,35,39,242
1473440,1,52,3,58,3,82,18,47,155
1473440,2,62,1,57,4,96,17,37,158
1473441,1,64,1,106,3,117,31,44,209
1473441,2,58,4,90,2,88,32,38,211
1473442,1,73,1,83,3,104,38,40,243
1473442,2,61,1,113,1,104,31,33,232
1473443,1,54,1,56,5,76,18,47,151
1473443,2,40,0,78,2,70,18,31,153
1473444,1,62,2,81,3,96,22,39,190
1473444,2,77,1,99,4,129,29,28,193
1473445,1,56,1,82,2,93,27,43,196
1473445,2,30,3,68,3,65,19,48,146
1473446,1,66,0,74,2,92,22,35,196
1473446,2,48,2,70,2,86,19,45,160
1473447,1,58,4,82,3,105,20,41,163
1473447,2,52,0,98,3,96,22,24,166
1473448,1,79,1,66,4,99,24,41,182
1473448,2,42,1,80,3,74,22,40,176
1473449,1,41,4,60,5,69,15,50,116
1473449,2,55,1,66,1,89,16,30,121
1473450,1,39,3,78,1,76,23,44,171
1473450,2,62,1,93,1,110,27,30,177
1473451,1,38,3,67,3,73,24,50,169
1473451,2,42,1,92,1,82,25,36,170
1473452,1,53,2,69,2,84,28,38,200
1473452,2,33,3,81,4,72,14,42,120
1473453,1,69,0,77,3,100,29,38,203
1473453,2,64,2,79,1,101,24,29,191
1473454,1,51,1,87,2,82,22,29,183
1473454,2,46,3,60,2,69,12,31,158
1473455,1,53,0,89,3,85,27,34,205
1473455,2,43,3,88,2,78,16,41,155
1473456,1,59,0,111,1,95,33,32,238
1473456,2,90,1,83,4,129,37,42,234
1473457,1,45,2,60,2,64,21,45,152
1473457,2,48,2,82,1,82,23,28,153
1473458,1,73,1,78,3,100,31,31,221
1473458,2,54,2,103,2,84,33,47,209
1473459,1,75,3,89,3,94,27,34,219
1473459,2,59,0,86,2,91,24,29,201
1473460,1,56,1,89,1,94,29,35,217
1473460,2,57,2,82,4,85,19,45,159
1473461,1,64,2,53,4,91,19,53,163
1473461,2,39,3,82,1,66,22,32,169
1473462,1,31,2,43,5,61,9,60,103
1473462,2,71,1,36,1,98,14,25,107
1473463,1,54,0,81,3,103,21,30,180
1473463,2,61,0,93,2,114,25,39,186
1473464,1,89,1,88,3,120,34,27,245
1473464,2,83,0,122,1,143,40,27,247
1473465,1,45,0,69,2,77,23,33,173
1473465,2,65,0,81,1,101,23,31,175
1473466,1,59,1,87,3,94,32,41,205
1473466,2,72,1,86,4,113,28,33,193
1473467,1,42,2,67,2,78,21,52,166
1473467,2,59,1,52,4,81,23,39,168
1473468,1,54,4,55,4,80,15,44,111
1473468,2,55,2,40,7,72,12,50,95
1473469,1,46,2,65,2,76,24,33,188
1473469,2,63,1,69,2,94,24,36,188
1473470,1,46,0,59,3,75,19,38,162
1473470,2,55,1,82,3,91,23,38,166
1473471,1,33,4,62,5,47,13,43,95
1473471,2,46,2,52,3,65,13,31,98
1473472,1,73,2,77,2,105,25,28,203
1473472,2,67,1,91,1,94,28,29,204
1473473,1,46,2,75,1,76,20,34,180
1473473,2,61,0,74,2,94,22,38,178
1473474,1,62,1,57,5,79,17,37,157
1473474,2,54,1,68,1,88,20,35,159
1473475,1,48,1,70,2,70,20,39,176
1473475,2,62,0,95,1,93,25,27,177
1473476,1,45,0,94,1,89,29,31,198
1473476,2,45,2,69,2,68,19,43,159
1473477,1,51,0,67,4,87,18,34,159
1473477,2,54,1,73,1,80,20,33,161
1473478,1,24,4,66,1,52,18,53,143
1473478,2,56,1,81,2,79,23,32,146
1473479,1,59,0,97,1,83,28,31,205
1473479,2,72,2,76,2,113,29,48,194
1473480,1,50,3,77,3,76,19,46,154
1473480,2,37,2,77,3,69,18,46,155
1473481,1,56,0,105,2,90,29,34,201
1473482,1,66,1,91,3,105,32,38,215
1473482,2,60,1,80,4,103,21,53,161
1473483,1,52,2,56,2,72,20,42,162
1473483,2,35,3,79,0,64,20,34,165
1473484,1,53,0,96,1,92,24,27,209
1473484,2,87,0,112,2,144,34,27,212
1473485,1,79,1,80,3,117,29,39,204
1473485,2,58,2,88,3,97,28,42,190
1473486,1,48,3,86,1,89,26,39,190
1473486,2,51,1,88,2,88,28,33,194
1473487,1,58,0,88,2,99,33,33,217
1473487,2,62,5,51,4,82,15,50,117
1473488,1,82,0,80,2,120,31,22,224
1473488,2,57,1,82,2,85,21,31,186
1473489,1,71,0,73,2,97,34,44,213
1473489,2,58,2,102,0,106,29,26,211
1473490,1,56,1,65,2,86,28,36,206
1473490,2,59,2,96,3,82,27,37,205
1473491,1,66,2,95,1,100,34,31,236
1473491,2,38,3,105,2,74,27,48,199
1473492,1,26,4,60,2,47,14,47,133
1473493,1,56,2,60,4,89,19,44,155
1473493,2,29,1,84,2,68,17,45,147
1473494,1,67,1,57,3,87,24,39,179
1473494,2,62,5,78,1,93,24,44,183
1473495,1,69,0,53,1,122,18,15,122
1473497,1,58,3,89,1,97,32,34,219
1473497,2,89,1,65,3,114,31,42,209
1473498,1,45,1,91,1,81,27,35,199
1473498,2,59,0,95,0,93,26,21,205
1473499,1,69,0,77,2,108,28,36,205
1473499,2,72,1,99,2,120,28,26,206
1473500,1,68,3,78,3,102,24,42,187
1473500,2,56,1,94,2,95,27,30,188
1473501,1,54,2,60,2,80,24,39,180
1473501,2,49,3,56,4,66,16,50,121
1473502,1,53,0,107,1,97,34,35,235
1473502,2,67,1,98,2,97,28,32,202
1473503,1,71,2,97,3,113,31,27,231
1473503,2,72,0,95,3,118,24,41,189
1473504,1,68,1,95,3,115,33,35,230
1473504,2,35,3,90,4,85,17,47,147
1473505,1,79,0,125,2,139,41,29,278
1473505,2,59,2,71,5,81,23,46,168
1473506,1,52,1,79,3,83,25,46,184
1473506,2,47,1,99,1,89,28,39,187
1473507,1,55,1,109,0,100,31,32,227
1473507,2,66,1,111,3,115,37,23,230
1473508,1,48,4,53,6,71,11,41,101
1473508,2,61,1,45,1,106,16,17,106
1473509,1,79,0,81,2,113,31,33,228
1473509,2,66,1,95,2,106,29,32,208
1473510,1,65,1,81,3,102,26,32,203
1473510,2,64,2,83,1,98,30,35,207
1473511,1,55,1,77,3,87,20,28,190
1473511,2,52,1,67,3,81,22,42,184
1485779,1,60,2,82,2,97,27,34,206
1485779,2,61,1,94,3,93,29,28,208
1527674,1,49,3,93,2,87,27,39,201
1527674,2,76,1,109,3,126,30,21,203
1527675,1,78,1,89,2,120,30,30,220
1527675,2,80,0,103,2,122,35,33,224
1527676,1,41,4,52,4,70,13,57,127
1527676,2,74,0,54,2,106,19,23,128
1527677,1,54,1,74,2,84,18,41,162
1527677,2,55,1,66,5,86,20,48,165
1527678,1,48,2,73,4,80,16,44,141
1527678,2,33,4,80,0,77,16,43,145
1527679,1,84,1,84,3,123,33,32,226
1527679,2,74,3,85,5,110,23,29,161
1527680,1,57,1,88,3,101,28,39,209
1527680,2,68,1,95,2,103,32,33,210
1527681,1,41,2,76,2,73,21,40,162
1527681,2,42,2,96,1,73,25,42,164
1527682,1,69,0,91,3,97,30,44,210
1527682,2,56,0,105,7,103,31,39,204
1527683,1,22,3,92,1,35,19,49,156
1527683,2,53,1,61,3,81,22,37,160
1527684,1,51,1,102,2,91,33,26,250
1527684,2,77,3,88,3,109,32,38,207
1527686,1,89,2,61,1,132,23,15,150
1527686,2,60,5,63,4,116,17,21,123
1527687,1,68,1,93,1,101,29,31,210
1527687,2,63,0,79,4,101,31,37,209
1527688,1,56,1,59,3,98,25,39,181
1527688,2,56,2,71,4,85,25,48,182
1527689,1,61,3,78,4,89,27,31,201
1527689,2,97,1,80,3,137,29,26,202
1527690,1,105,0,71,3,132,28,32,219
1527690,2,93,0,86,3,124,32,27,223
1527691,1,61,0,99,1,88,30,26,212
1527691,2,66,2,87,4,91,24,44,189
1527692,1,60,2,50,3,80,24,50,164
1527692,2,52,1,78,1,86,25,37,165
1527693,1,71,0,116,2,115,33,31,240
1527693,2,62,1,85,4,99,32,37,222
1529264,1,51,1,103,2,89,30,39,216
1529264,2,40,5,87,1,70,20,46,159
1529265,1,72,2,70,1,102,27,42,192
1529265,2,36,2,71,4,81,18,41,160
1529266,1,35,1,77,3,71,17,48,146
1529266,2,60,1,85,4,86,21,29,149
1529267,1,48,2,97,1,97,24,33,195
1529267,2,61,2,111,0,100,30,24,198
1529268,1,37,3,111,2,80,25,52,180
1529268,2,71,1,73,2,99,22,33,181
1529269,1,59,1,87,3,99,19,35,175
1529269,2,50,3,80,1,87,20,27,179
1529270,1,75,2,79,3,112,27,39,194
1529270,2,76,3,65,2,111,20,36,184
1529271,1,63,0,55,4,95,18,47,155
1529271,2,51,3,46,3,70,20,42,161
1529272,1,63,1,130,2,110,37,31,254
1529272,2,61,1,81,3,102,25,32,200
1529273,1,46,3,76,1,75,27,34,199
1529273,2,45,3,54,5,71,14,50,100
1529274,1,67,0,116,2,104,33,26,242
1529274,2,59,1,96,3,107,25,37,195
1529275,1,44,3,63,2,76,20,49,159
1529275,2,31,3,68,2,55,15,52,119
1529276,1,73,2,76,2,111,31,41,207
1529276,2,29,3,65,4,69,11,56,104
1529277,1,57,0,98,1,104,27,27,205
1529277,2,58,1,113,3,118,31,34,206
1529278,1,68,1,121,0,102,42,20,264
1529278,2,116,0,87,4,147,40,25,265
1529279,1,76,1,108,2,112,36,44,228
1529279,2,89,1,99,2,139,37,37,229
1529280,1,28,3,68,1,43,24,64,158
1529280,2,55,0,83,1,82,20,27,162
1529281,1,31,3,62,4,64,17,47,155
1529281,2,37,1,55,3,63,18,45,155
1529282,1,13,6,58,2,46,9,60,75
1529282,2,65,1,12,0,77,12,13,77
1529283,1,65,1,85,2,107,30,28,222
1529283,2,84,1,81,3,109,35,31,228
1529284,1,78,0,103,3,124,35,25,243
1529284,2,92,0,101,3,134,38,26,249
1529285,1,59,2,73,6,91,24,53,155
1529285,2,69,2,76,4,109,22,33,158
1529286,1,56,2,91,1,91,31,30,225
1529286,2,70,0,103,2,113,31,29,226
